index,Category,Material,Recyclability_pct,Carbon_kgCO2,Biodegradability,Lifespan_years,Label,Variant
885,Reusable Straws,Plastic Straw,54.6,4.414,0.0,0.49,Not Sustainable,Premium
343,Disposable Cups,Paper Cup,77.5,1.477,80.3,1.92,Moderate,Coated
57,Bags,Polyester Bag,57.3,7.442,0.7,4.43,Not Sustainable,Standard
695,Crayons,Soy Crayons,26.1,0.71,95.2,1.8,Moderate,Untreated
722,Geometry Boxes,Plastic Geometry Box,46.2,3.401,1.1,3.14,Not Sustainable,Low-Grade
615,Seedling Pots,Plastic Nursery Pot,8.4,3.161,0.0,4.12,Not Sustainable,Standard
1004,Spoon,Steel Spoon,92.4,4.103,0.0,19.62,Moderate,Coated
89,Plates,Bamboo Plate,89.2,0.306,93.4,2.04,Eco-Friendly,Standard
410,Laptop Cooling Pads,Metal Cooling Stand,85.1,2.033,0.0,14.44,Moderate,Coated
802,Edible Packaging,Edible Rice Straw,21.5,5.312,0.0,2.3,Not Sustainable,Low-Grade
502,Wall Clocks,Wooden Wall Clock,86.1,0.628,89.6,6.19,Moderate,Coated
430,Belts,Leather Belt,43.4,9.997,6.7,3.27,Not Sustainable,Low-Grade
434,Belts,Leather Belt,28.4,11.356,13.9,3.31,Not Sustainable,Low-Grade
450,Belts,Leather Belt,41.5,9.266,19.3,3.28,Not Sustainable,Coated
211,Food Wraps,Beeswax Food Wrap,22.3,0.303,95.6,4.62,Moderate,Recycled
717,Crayons,Plastic Wax Crayons,54.3,4.897,0.2,2.9,Not Sustainable,Coated
793,Edible Packaging,Edible Rice Straw,33.3,6.738,0.0,5.4,Not Sustainable,Low-Grade
421,Belts,Cork Belt,73.4,1.405,90.4,10.26,Moderate,Coated
200,Cotton Pads,Bamboo Cotton Pads,83.4,0.906,64.5,3.89,Moderate,Recycled
775,Scale (Ruler),Wooden Ruler,75.3,1.886,77.9,22.83,Moderate,Low-Grade
704,Crayons,Soy Crayons,38.8,0.463,92.5,1.23,Moderate,Recycled
985,Stool,Solid Wood Stool,64.3,2.109,82.9,21.89,Moderate,Standard
658,Car Cleaning Cloth,Microfiber Cloth,11.9,4.526,0.0,2.5,Not Sustainable,Premium
129,Toothbrushes,Plastic Toothbrush,30.1,4.053,0.0,4.27,Not Sustainable,Premium
52,Bags,Cotton Bag,85.9,1.888,73.2,2.44,Moderate,Low-Grade
87,Plates,Plastic Plate,31.9,5.094,1.2,1.24,Not Sustainable,Recycled
1108,Pan,Cast Iron Pan,35.8,3.364,0.0,2.67,Not Sustainable,Standard
999,Spoon,Plastic Spoon,56.2,5.767,2.1,2.93,Not Sustainable,Recycled
1015,Spoon,Bamboo Spoon,85.2,0.342,82.1,2.51,Moderate,Recycled
791,Edible Packaging,Edible Spoon,16.4,4.296,0.0,3.8,Not Sustainable,Premium
1012,Spoon,Bamboo Spoon,89.7,0.25,68.5,2.81,Eco-Friendly,Coated
888,Reusable Straws,Plastic Straw,26.2,6.352,0.0,2.72,Not Sustainable,Low-Grade
605,Seedling Pots,Jiffy Peat Pot,36.9,0.882,56.7,6.87,Not Sustainable,Untreated
803,Edible Packaging,Edible Spoon,12.6,4.536,0.0,4.32,Not Sustainable,Untreated
842,Reusable Cups,Bamboo Cup,91.0,0.505,70.7,3.36,Moderate,Recycled
382,Phone Cases,Biodegradable Case,28.5,1.746,81.8,1.73,Not Sustainable,Low-Grade
395,Laptop Cooling Pads,Metal Cooling Stand,90.0,1.128,1.2,12.79,Moderate,Untreated
45,Bags,Polyester Bag,36.1,7.615,0.0,3.24,Not Sustainable,Coated
851,Reusable Cups,Bamboo Cup,90.3,0.781,59.1,2.96,Moderate,Recycled
271,Cutting Boards,Bamboo Cutting Board,95.0,0.292,86.6,2.83,Eco-Friendly,Untreated
362,Phone Cases,Silicone Case,11.7,1.469,0.0,15.09,Not Sustainable,Coated
773,Scale (Ruler),Metal Ruler,92.5,1.602,0.9,23.24,Moderate,Coated
480,Wallets,PU Leather Wallet,22.8,6.437,0.0,4.7,Not Sustainable,Untreated
1104,Pan,Aluminum Pan,85.2,3.723,0.0,14.01,Not Sustainable,Low-Grade
114,Brushes,Plastic Brush,47.9,5.099,0.0,3.26,Not Sustainable,Standard
524,Curtains,Polyester Curtains,43.6,4.313,0.6,3.54,Not Sustainable,Standard
1062,Comb,Plastic Comb,48.9,5.41,0.0,1.62,Not Sustainable,Untreated
991,Spoon,Bamboo Spoon,94.0,0.151,82.6,3.71,Eco-Friendly,Untreated
199,Cotton Pads,Organic Cotton Pads,78.2,3.612,51.4,1.87,Moderate,Recycled
232,Food Wraps,Beeswax Food Wrap,28.9,0.805,95.9,1.42,Moderate,Low-Grade
707,Crayons,Soy Crayons,13.3,0.744,97.3,2.27,Not Sustainable,Recycled
483,Wall Clocks,Plastic Wall Clock,25.2,6.045,0.2,0.99,Not Sustainable,Untreated
539,Curtains,Cotton Curtains,80.2,1.944,50.7,0.76,Moderate,Recycled
927,Baby Bottles,Silicone Baby Bottle,28.2,1.045,0.0,7.55,Not Sustainable,Standard
535,Curtains,Cotton Curtains,83.3,3.061,63.0,2.55,Moderate,Recycled
71,Plates,Bamboo Plate,89.1,0.506,74.4,4.29,Moderate,Premium
550,Rugs,Jute Rug,85.5,0.959,77.2,7.86,Moderate,Recycled
102,Brushes,Plastic Brush,48.7,7.746,0.0,3.94,Not Sustainable,Coated
597,Food Trays,Plastic Tray,40.8,8.19,0.0,0.81,Not Sustainable,Premium
381,Phone Cases,Hard Plastic Case,12.0,7.056,1.2,2.57,Not Sustainable,Coated
248,Coffee Filter,Paper Coffee Filter,92.9,1.577,90.4,1.53,Moderate,Low-Grade
975,Stool,Plastic Stool,54.0,6.705,2.9,0.31,Not Sustainable,Coated
494,Wall Clocks,Metal Wall Clock,88.2,2.19,0.0,17.82,Moderate,Coated
293,Cutting Boards,Wooden Cutting Board,93.5,2.496,77.0,22.87,Moderate,Standard
1041,Soap Holders,Bamboo Soap Dish,82.2,0.331,67.6,5.24,Moderate,Recycled
209,Cotton Pads,Bamboo Cotton Pads,88.4,0.49,82.8,6.88,Eco-Friendly,Untreated
635,Car Cleaning Cloth,Cotton Cloth,64.1,1.745,46.8,4.42,Not Sustainable,Recycled
866,Reusable Cups,Bamboo Cup,82.4,0.548,79.6,6.27,Moderate,Premium
505,Wall Clocks,Wooden Wall Clock,63.1,1.472,77.5,22.02,Moderate,Standard
741,Geometry Boxes,Metal Geometry Box,98.6,1.267,0.0,13.05,Moderate,Recycled
852,Reusable Cups,Plastic Cup,22.1,6.901,0.1,0.3,Not Sustainable,Standard
32,Bags,Jute Bag,85.9,0.746,78.2,5.1,Moderate,Standard
139,Toothbrushes,Bamboo Toothbrush,86.7,0.728,61.4,2.62,Moderate,Low-Grade
244,Coffee Filter,Stainless Steel Coffee Filter,90.7,1.862,0.0,17.49,Moderate,Recycled
278,Cutting Boards,Wooden Cutting Board,89.3,0.905,91.5,22.83,Eco-Friendly,Premium
320,Disposable Plates,Bagasse Plate,16.4,0.4,96.1,0.1,Moderate,Premium
454,Wallets,Cork Wallet,91.9,1.601,82.8,11.5,Moderate,Untreated
287,Cutting Boards,Wooden Cutting Board,82.9,1.036,76.9,21.27,Moderate,Low-Grade
1002,Spoon,Plastic Spoon,28.6,6.448,0.4,0.89,Not Sustainable,Low-Grade
110,Brushes,Wooden Brush,59.6,2.774,77.0,23.14,Moderate,Recycled
329,Disposable Plates,Bagasse Plate,37.5,0.704,90.5,0.1,Moderate,Low-Grade
334,Disposable Cups,Paper Cup,73.4,1.656,96.2,1.16,Moderate,Coated
590,Food Trays,Aluminum Tray,93.6,3.911,0.0,9.01,Not Sustainable,Coated
951,Suitcase,Aluminum Suitcase,91.7,4.003,0.0,5.17,Not Sustainable,Untreated
426,Belts,Leather Belt,32.1,11.717,19.4,4.68,Not Sustainable,Standard
366,Phone Cases,Hard Plastic Case,18.3,4.756,1.0,2.56,Not Sustainable,Premium
757,Scale (Ruler),Wooden Ruler,84.8,0.731,92.2,6.81,Moderate,Coated
942,Suitcase,Aluminum Suitcase,78.3,3.214,0.0,20.35,Not Sustainable,Premium
1008,Spoon,Plastic Spoon,19.1,3.078,0.1,0.56,Not Sustainable,Recycled
337,Disposable Cups,Paper Cup,68.7,1.244,79.7,0.1,Moderate,Low-Grade
11,Bottles,Glass Bottle,85.5,1.272,0.0,7.36,Moderate,Low-Grade
347,Disposable Cups,Bioplastic Cup,56.7,4.467,0.9,2.64,Not Sustainable,Standard
309,Disposable Plates,Plastic Plate,31.5,3.816,0.3,3.97,Not Sustainable,Standard
97,Brushes,Bamboo Brush,86.5,0.424,76.8,5.16,Moderate,Standard
614,Seedling Pots,Jiffy Peat Pot,26.8,1.276,30.1,7.41,Not Sustainable,Low-Grade
276,Cutting Boards,Plastic Cutting Board,51.7,6.876,0.9,0.26,Not Sustainable,Untreated
1100,Pan,Non-stick Pan,27.0,5.827,0.7,3.36,Not Sustainable,Untreated
735,Geometry Boxes,Metal Geometry Box,91.8,3.687,0.0,15.73,Moderate,Low-Grade
142,Toothbrushes,Bamboo Toothbrush,97.3,0.839,69.9,2.59,Moderate,Coated
895,Reusable Straws,Steel Straw,89.8,2.789,1.4,19.56,Moderate,Recycled
324,Disposable Plates,Plastic Plate,44.0,6.244,1.3,2.5,Not Sustainable,Recycled
561,Rugs,Polyester Rug,38.7,6.414,1.5,2.66,Not Sustainable,Premium
412,Laptop Cooling Pads,Bamboo Cooling Stand,84.3,0.478,77.3,5.69,Moderate,Standard
668,Helmets,ABS Plastic Helmet,47.6,4.48,0.9,4.01,Not Sustainable,Coated
221,Food Wraps,Aluminum Foil,86.4,5.302,0.1,10.66,Not Sustainable,Untreated
983,Stool,Metal Stool,92.9,3.363,0.0,29.61,Moderate,Untreated
50,Bags,Jute Bag,92.1,0.458,72.6,3.03,Moderate,Standard
108,Brushes,Plastic Brush,13.4,4.182,0.0,3.41,Not Sustainable,Coated
60,Bags,Polyester Bag,19.1,6.542,0.0,2.68,Not Sustainable,Coated
650,Car Cleaning Cloth,Microfiber Cloth,17.7,2.653,2.0,5.95,Not Sustainable,Untreated
1079,Comb,Metal Comb,86.0,2.93,0.0,15.42,Moderate,Low-Grade
762,Scale (Ruler),Plastic Ruler,42.2,5.796,0.6,3.5,Not Sustainable,Untreated
759,Scale (Ruler),Plastic Ruler,35.4,7.498,1.1,2.97,Not Sustainable,Coated
319,Disposable Plates,Areca Leaf Plate,70.7,1.188,78.8,1.94,Moderate,Premium
406,Laptop Cooling Pads,Bamboo Cooling Stand,88.2,0.686,61.2,3.03,Moderate,Premium
526,Curtains,Polyester Curtains,20.8,3.807,0.3,1.3,Not Sustainable,Coated
24,Bottles,Plastic Bottle,29.7,5.875,0.0,0.73,Not Sustainable,Premium
723,Geometry Boxes,Metal Geometry Box,96.0,4.381,0.0,15.64,Moderate,Recycled
738,Geometry Boxes,Plastic Geometry Box,51.8,5.421,0.0,0.81,Not Sustainable,Coated
536,Curtains,Polyester Curtains,27.3,2.601,0.1,2.09,Not Sustainable,Standard
297,Cutting Boards,Plastic Cutting Board,54.1,2.46,1.5,3.83,Not Sustainable,Premium
978,Stool,Plastic Stool,22.2,6.145,1.3,1.35,Not Sustainable,Low-Grade
193,Cotton Pads,Organic Cotton Pads,64.0,3.464,32.6,0.94,Not Sustainable,Premium
1101,Pan,Aluminum Pan,78.4,4.796,0.0,8.1,Not Sustainable,Standard
1075,Comb,Wooden Comb,76.1,1.022,79.4,19.22,Moderate,Recycled
84,Plates,Plastic Plate,34.7,4.109,1.5,1.62,Not Sustainable,Low-Grade
834,Candles,Paraffin Wax Candle,46.9,8.313,0.1,2.13,Not Sustainable,Coated
920,Baby Bottles,Plastic Baby Bottle,15.1,5.583,1.5,2.62,Not Sustainable,Standard
210,Cotton Pads,Synthetic Cotton Pads,58.7,3.533,70.7,1.93,Not Sustainable,Recycled
683,Helmets,Recycled Polymer Helmet,60.0,3.89,0.0,6.93,Not Sustainable,Untreated
542,Rugs,Wool Rug,82.2,3.26,89.0,12.98,Moderate,Standard
946,Suitcase,Recycled Plastic Suitcase,16.9,7.903,0.0,4.52,Not Sustainable,Premium
77,Plates,Bamboo Plate,84.3,0.985,79.6,4.25,Moderate,Untreated
622,Seedling Pots,Coir Pot,37.9,0.653,31.3,5.82,Not Sustainable,Coated
799,Edible Packaging,Edible Rice Straw,41.8,6.078,0.9,1.39,Not Sustainable,Low-Grade
697,Crayons,Beeswax Crayons,10.3,0.01,94.0,1.99,Moderate,Premium
731,Geometry Boxes,Metal Geometry Box,97.6,3.647,0.0,27.14,Moderate,Coated
1035,Soap Holders,Bamboo Soap Dish,90.0,0.299,70.3,6.73,Eco-Friendly,Premium
425,Belts,Cork Belt,93.2,1.022,89.6,10.39,Eco-Friendly,Standard
332,Disposable Cups,Bioplastic Cup,56.5,4.97,0.9,2.77,Not Sustainable,Untreated
266,Coffee Filter,Paper Coffee Filter,92.4,1.226,92.5,0.1,Moderate,Premium
140,Toothbrushes,Biodegradable Toothbrush,32.7,2.52,1.6,1.98,Not Sustainable,Premium
431,Belts,Cork Belt,92.1,1.417,87.8,7.11,Moderate,Low-Grade
452,Wallets,Leather Wallet,35.6,12.257,19.6,2.87,Not Sustainable,Recycled
595,Food Trays,Sugarcane Bagasse Tray,28.0,0.947,96.0,0.75,Not Sustainable,Premium
822,Candles,Paraffin Wax Candle,57.8,5.601,0.2,1.63,Not Sustainable,Premium
157,Lunchboxes,Steel Lunchbox,94.3,1.711,0.1,21.37,Moderate,Untreated
179,Lunchboxes,Plastic Lunchbox,47.9,7.413,1.5,4.65,Not Sustainable,Premium
274,Cutting Boards,Bamboo Cutting Board,93.4,0.499,70.1,4.21,Moderate,Coated
459,Wallets,PU Leather Wallet,28.6,4.631,1.3,5.74,Not Sustainable,Untreated
478,Wallets,Cork Wallet,80.8,1.173,83.9,5.9,Moderate,Recycled
424,Belts,Leather Belt,39.3,7.539,8.1,4.69,Not Sustainable,Standard
159,Lunchboxes,Bamboo Lunchbox,89.9,0.606,86.8,5.38,Eco-Friendly,Untreated
530,Curtains,Polyester Curtains,58.0,6.209,0.6,3.13,Not Sustainable,Premium
701,Crayons,Soy Crayons,18.3,0.119,95.4,2.92,Moderate,Coated
651,Car Cleaning Cloth,Cotton Cloth,59.6,3.181,80.0,4.49,Moderate,Low-Grade
378,Phone Cases,Hard Plastic Case,53.8,3.491,1.3,4.06,Not Sustainable,Standard
784,Edible Packaging,Edible Rice Straw,45.4,3.228,0.9,3.57,Not Sustainable,Standard
79,Plates,Palm Leaf Plate,43.0,6.748,0.7,2.76,Not Sustainable,Recycled
783,Edible Packaging,Non-edible Plastic Straw,24.9,3.649,0.0,1.74,Not Sustainable,Coated
175,Lunchboxes,Steel Lunchbox,93.4,3.293,0.0,29.85,Moderate,Standard
328,Disposable Plates,Areca Leaf Plate,86.3,0.789,88.5,0.1,Moderate,Coated
972,Stool,Plastic Stool,44.3,3.865,0.9,3.75,Not Sustainable,Low-Grade
973,Stool,Solid Wood Stool,94.5,2.436,70.2,5.57,Moderate,Low-Grade
789,Edible Packaging,Non-edible Plastic Straw,34.6,4.763,0.0,2.22,Not Sustainable,Premium
40,Bags,Cotton Bag,67.9,1.512,37.2,1.9,Not Sustainable,Standard
31,Bags,Cotton Bag,79.8,4.175,55.9,3.07,Moderate,Coated
821,Candles,Beeswax Candle,31.4,0.544,98.3,3.8,Moderate,Untreated
137,Toothbrushes,Biodegradable Toothbrush,20.4,4.812,0.0,3.49,Not Sustainable,Standard
55,Bags,Cotton Bag,70.2,1.651,49.5,4.04,Moderate,Coated
928,Baby Bottles,Glass Baby Bottle,85.9,1.93,4.8,9.89,Moderate,Coated
616,Seedling Pots,Coir Pot,18.4,1.121,37.1,9.58,Not Sustainable,Untreated
719,Crayons,Soy Crayons,35.9,0.808,84.7,1.03,Moderate,Standard
569,Rugs,Wool Rug,85.5,4.115,72.2,10.09,Moderate,Premium
515,Curtains,Cotton Curtains,80.0,1.943,53.8,0.52,Moderate,Recycled
823,Candles,Soy Wax Candle,34.0,0.668,97.6,4.76,Moderate,Recycled
4,Bottles,Plastic Bottle,16.6,5.013,0.0,3.71,Not Sustainable,Standard
333,Disposable Cups,Plastic Cup,47.6,3.618,1.5,4.36,Not Sustainable,Low-Grade
1099,Pan,Cast Iron Pan,50.9,4.902,2.0,1.6,Not Sustainable,Coated
1078,Comb,Wooden Comb,62.8,0.896,77.8,21.31,Moderate,Untreated
694,Crayons,Beeswax Crayons,28.2,0.563,98.7,1.89,Moderate,Coated
751,Scale (Ruler),Wooden Ruler,62.3,2.273,92.8,18.41,Moderate,Low-Grade
787,Edible Packaging,Edible Rice Straw,53.6,6.649,2.1,2.77,Not Sustainable,Premium
886,Reusable Straws,Steel Straw,97.5,2.94,0.0,21.99,Moderate,Untreated
669,Helmets,Recycled Polymer Helmet,62.1,3.436,0.0,11.75,Not Sustainable,Recycled
59,Bags,Jute Bag,93.4,0.639,92.7,7.76,Eco-Friendly,Low-Grade
290,Cutting Boards,Wooden Cutting Board,87.1,1.883,82.1,23.78,Moderate,Recycled
299,Cutting Boards,Wooden Cutting Board,61.8,2.288,85.0,11.97,Moderate,Premium
64,Plates,Palm Leaf Plate,45.6,6.273,0.1,3.99,Not Sustainable,Coated
257,Coffee Filter,Paper Coffee Filter,67.1,0.679,90.6,0.1,Moderate,Coated
335,Disposable Cups,Bioplastic Cup,9.8,5.816,2.2,1.19,Not Sustainable,Recycled
674,Helmets,ABS Plastic Helmet,36.6,4.479,0.9,1.55,Not Sustainable,Standard
101,Brushes,Wooden Brush,74.7,0.826,71.7,21.22,Moderate,Premium
169,Lunchboxes,Steel Lunchbox,92.7,3.044,0.0,24.21,Moderate,Standard
544,Rugs,Jute Rug,94.8,0.557,90.3,9.01,Eco-Friendly,Standard
360,Disposable Cups,Plastic Cup,33.7,4.306,1.0,4.44,Not Sustainable,Premium
405,Laptop Cooling Pads,Plastic Cooling Pad,55.7,8.005,0.0,4.6,Not Sustainable,Premium
529,Curtains,Cotton Curtains,64.9,2.959,36.8,2.94,Not Sustainable,Untreated
729,Geometry Boxes,Metal Geometry Box,89.0,3.962,0.7,10.8,Not Sustainable,Recycled
219,Food Wraps,Plastic Wrap,8.4,3.744,0.0,3.68,Not Sustainable,Premium
1052,Comb,Metal Comb,87.8,3.25,0.3,13.54,Not Sustainable,Premium
458,Wallets,Leather Wallet,41.6,9.611,6.7,5.66,Not Sustainable,Standard
532,Curtains,Polyester Curtains,43.5,4.446,0.2,1.86,Not Sustainable,Standard
768,Scale (Ruler),Plastic Ruler,52.4,4.319,0.0,3.26,Not Sustainable,Premium
238,Food Wraps,Beeswax Food Wrap,33.4,0.832,95.8,5.01,Moderate,Coated
67,Plates,Palm Leaf Plate,10.5,5.392,0.0,3.54,Not Sustainable,Untreated
931,Suitcase,Recycled Plastic Suitcase,21.0,5.681,0.0,3.35,Not Sustainable,Premium
68,Plates,Bamboo Plate,80.7,0.474,77.7,6.26,Moderate,Coated
414,Laptop Cooling Pads,Plastic Cooling Pad,48.1,3.529,0.0,3.02,Not Sustainable,Low-Grade
13,Bottles,Bamboo Bottle,93.7,0.547,79.0,2.69,Moderate,Low-Grade
936,Suitcase,Aluminum Suitcase,77.6,3.179,0.0,15.25,Not Sustainable,Low-Grade
629,Seedling Pots,Jiffy Peat Pot,14.2,1.243,43.7,8.88,Not Sustainable,Untreated
468,Wallets,PU Leather Wallet,25.6,8.739,0.0,5.78,Not Sustainable,Standard
300,Cutting Boards,Plastic Cutting Board,28.9,4.431,0.6,2.89,Not Sustainable,Premium
860,Reusable Cups,Bamboo Cup,89.1,0.712,87.3,5.7,Moderate,Coated
760,Scale (Ruler),Wooden Ruler,92.6,2.618,89.5,13.52,Moderate,Standard
185,Cotton Pads,Bamboo Cotton Pads,96.6,1.15,94.5,3.75,Moderate,Premium
573,Food Trays,Plastic Tray,42.4,7.771,0.6,2.61,Not Sustainable,Standard
549,Rugs,Polyester Rug,45.7,3.63,0.5,3.87,Not Sustainable,Low-Grade
966,Stool,Plastic Stool,33.2,6.125,0.3,1.01,Not Sustainable,Coated
391,Laptop Cooling Pads,Bamboo Cooling Stand,91.8,0.419,85.0,4.64,Eco-Friendly,Premium
1030,Soap Holders,Plastic Soap Dish,51.9,6.565,0.8,2.62,Not Sustainable,Premium
617,Seedling Pots,Jiffy Peat Pot,38.8,1.784,45.9,9.11,Not Sustainable,Low-Grade
992,Spoon,Steel Spoon,91.6,1.706,0.0,18.18,Moderate,Premium
708,Crayons,Plastic Wax Crayons,44.2,4.808,3.1,2.1,Not Sustainable,Untreated
846,Reusable Cups,Plastic Cup,57.1,5.98,1.6,3.47,Not Sustainable,Premium
979,Stool,Solid Wood Stool,77.7,2.406,67.4,24.0,Moderate,Low-Grade
352,Disposable Cups,Paper Cup,76.0,0.547,92.7,1.62,Moderate,Standard
322,Disposable Plates,Areca Leaf Plate,68.6,0.833,95.1,0.1,Moderate,Low-Grade
1048,Soap Holders,Plastic Soap Dish,11.8,6.09,0.2,3.79,Not Sustainable,Coated
3,Bottles,Glass Bottle,86.0,2.197,2.7,5.86,Not Sustainable,Coated
7,Bottles,Glass Bottle,94.8,1.226,0.8,15.03,Moderate,Premium
591,Food Trays,Plastic Tray,57.1,4.615,1.0,4.38,Not Sustainable,Recycled
693,Crayons,Plastic Wax Crayons,53.0,6.129,1.0,4.49,Not Sustainable,Recycled
865,Reusable Cups,Steel Mug,93.8,3.993,0.9,24.92,Moderate,Recycled
245,Coffee Filter,Paper Coffee Filter,60.5,1.736,96.9,1.05,Moderate,Coated
345,Disposable Cups,Plastic Cup,32.6,6.84,0.0,1.84,Not Sustainable,Untreated
618,Seedling Pots,Plastic Nursery Pot,17.9,2.583,0.0,2.36,Not Sustainable,Recycled
891,Reusable Straws,Plastic Straw,36.6,6.128,0.0,1.73,Not Sustainable,Recycled
216,Food Wraps,Plastic Wrap,20.1,7.304,0.4,0.1,Not Sustainable,Premium
675,Helmets,Recycled Polymer Helmet,72.9,4.432,0.0,10.95,Not Sustainable,Untreated
715,Crayons,Beeswax Crayons,17.1,1.148,94.9,2.99,Not Sustainable,Low-Grade
584,Food Trays,Aluminum Tray,76.0,5.184,1.1,17.86,Not Sustainable,Recycled
1036,Soap Holders,Plastic Soap Dish,30.7,3.656,0.0,4.27,Not Sustainable,Coated
446,Belts,Leather Belt,40.4,5.211,11.8,7.15,Not Sustainable,Low-Grade
1024,Soap Holders,Plastic Soap Dish,15.6,6.254,1.1,4.59,Not Sustainable,Standard
261,Coffee Filter,Disposable Plastic Coffee Pods,21.2,6.525,1.8,5.01,Not Sustainable,Premium
662,Helmets,ABS Plastic Helmet,38.5,5.242,1.5,1.21,Not Sustainable,Recycled
653,Car Cleaning Cloth,Cotton Cloth,83.9,2.742,79.6,2.3,Moderate,Recycled
436,Belts,Leather Belt,27.8,10.057,14.4,6.91,Not Sustainable,Premium
621,Seedling Pots,Plastic Nursery Pot,13.3,5.225,2.2,1.55,Not Sustainable,Standard
372,Phone Cases,Hard Plastic Case,52.8,4.927,0.9,0.74,Not Sustainable,Low-Grade
902,Baby Bottles,Plastic Baby Bottle,38.2,3.653,0.4,1.75,Not Sustainable,Low-Grade
291,Cutting Boards,Plastic Cutting Board,24.4,4.722,0.9,2.99,Not Sustainable,Untreated
507,Wall Clocks,Plastic Wall Clock,42.6,3.935,0.0,1.7,Not Sustainable,Standard
853,Reusable Cups,Steel Mug,91.5,2.748,0.0,13.22,Moderate,Premium
26,Bottles,Steel Bottle,89.8,2.377,0.0,21.72,Moderate,Low-Grade
585,Food Trays,Plastic Tray,19.6,6.667,1.5,0.66,Not Sustainable,Low-Grade
1020,Spoon,Plastic Spoon,49.3,4.231,1.9,4.09,Not Sustainable,Low-Grade
107,Brushes,Wooden Brush,71.6,1.878,71.7,8.34,Moderate,Untreated
56,Bags,Jute Bag,91.2,1.516,94.0,5.71,Moderate,Recycled
894,Reusable Straws,Plastic Straw,34.9,5.458,1.1,4.02,Not Sustainable,Low-Grade
214,Food Wraps,Beeswax Food Wrap,38.2,0.562,96.9,2.75,Moderate,Recycled
121,Toothbrushes,Bamboo Toothbrush,89.3,0.357,63.0,6.96,Moderate,Coated
449,Belts,Cork Belt,93.6,0.093,82.7,4.83,Eco-Friendly,Untreated
295,Cutting Boards,Bamboo Cutting Board,95.6,0.951,86.8,7.05,Moderate,Standard
73,Plates,Palm Leaf Plate,36.0,7.003,0.5,2.97,Not Sustainable,Recycled
940,Suitcase,Recycled Plastic Suitcase,28.7,4.574,0.1,1.51,Not Sustainable,Standard
592,Food Trays,Sugarcane Bagasse Tray,38.8,0.264,98.7,0.1,Moderate,Premium
833,Candles,Beeswax Candle,39.7,0.744,90.5,3.1,Moderate,Standard
977,Stool,Metal Stool,88.9,3.314,0.1,25.2,Moderate,Recycled
437,Belts,Cork Belt,77.2,0.357,91.3,4.62,Moderate,Standard
448,Belts,Leather Belt,31.9,6.605,8.9,5.18,Not Sustainable,Standard
310,Disposable Plates,Areca Leaf Plate,65.9,0.761,84.8,0.1,Moderate,Low-Grade
356,Disposable Cups,Bioplastic Cup,26.4,7.844,0.6,1.67,Not Sustainable,Premium
782,Edible Packaging,Edible Spoon,36.7,6.677,0.5,0.1,Not Sustainable,Standard
528,Curtains,Polyester Curtains,31.5,6.02,0.7,2.83,Not Sustainable,Recycled
702,Crayons,Plastic Wax Crayons,7.8,2.86,0.0,1.66,Not Sustainable,Premium
1044,Soap Holders,Plastic Soap Dish,43.6,7.658,0.0,2.28,Not Sustainable,Standard
583,Food Trays,Sugarcane Bagasse Tray,17.5,0.91,85.9,0.43,Not Sustainable,Standard
631,Car Cleaning Cloth,Cotton Cloth,82.3,1.537,67.8,1.85,Moderate,Premium
428,Belts,Leather Belt,23.5,6.903,12.0,7.65,Not Sustainable,Premium
61,Plates,Palm Leaf Plate,54.3,4.104,1.1,3.19,Not Sustainable,Standard
466,Wallets,Cork Wallet,70.5,0.552,97.6,9.26,Moderate,Recycled
93,Brushes,Plastic Brush,28.5,4.358,0.2,0.1,Not Sustainable,Low-Grade
725,Geometry Boxes,Metal Geometry Box,97.3,3.979,0.0,18.85,Moderate,Recycled
368,Phone Cases,Silicone Case,34.0,3.09,0.2,16.51,Not Sustainable,Premium
790,Edible Packaging,Edible Rice Straw,39.6,5.497,1.3,1.66,Not Sustainable,Coated
281,Cutting Boards,Wooden Cutting Board,62.9,2.099,93.0,18.95,Moderate,Low-Grade
307,Disposable Plates,Areca Leaf Plate,83.4,0.274,87.4,0.7,Eco-Friendly,Recycled
429,Belts,Cork Belt,75.8,0.361,90.4,5.84,Moderate,Recycled
1092,Pan,Aluminum Pan,82.6,5.604,0.0,4.99,Not Sustainable,Standard
183,Cotton Pads,Synthetic Cotton Pads,77.2,3.147,50.5,3.09,Moderate,Low-Grade
963,Stool,Plastic Stool,31.5,3.112,1.4,5.05,Not Sustainable,Low-Grade
863,Reusable Cups,Bamboo Cup,88.9,0.301,62.5,5.65,Moderate,Recycled
111,Brushes,Plastic Brush,32.0,6.485,1.1,3.86,Not Sustainable,Coated
873,Reusable Straws,Plastic Straw,12.2,7.372,1.3,4.48,Not Sustainable,Untreated
602,Seedling Pots,Jiffy Peat Pot,9.6,1.832,21.3,9.76,Not Sustainable,Premium
537,Curtains,Cotton Curtains,72.1,1.865,48.5,3.66,Moderate,Low-Grade
491,Wall Clocks,Metal Wall Clock,93.3,2.937,0.0,17.42,Moderate,Low-Grade
353,Disposable Cups,Bioplastic Cup,49.3,7.392,0.0,1.21,Not Sustainable,Premium
363,Phone Cases,Hard Plastic Case,43.0,7.457,0.1,2.57,Not Sustainable,Recycled
262,Coffee Filter,Stainless Steel Coffee Filter,93.9,2.237,1.0,19.16,Moderate,Recycled
678,Helmets,ABS Plastic Helmet,12.9,5.253,2.0,5.04,Not Sustainable,Premium
990,Stool,Plastic Stool,10.4,4.297,0.0,2.52,Not Sustainable,Low-Grade
918,Baby Bottles,Silicone Baby Bottle,28.6,1.313,2.3,9.13,Not Sustainable,Low-Grade
880,Reusable Straws,Steel Straw,93.8,3.931,0.3,25.93,Moderate,Premium
138,Toothbrushes,Plastic Toothbrush,30.3,7.221,2.2,3.34,Not Sustainable,Coated
600,Food Trays,Plastic Tray,20.4,7.89,1.7,2.81,Not Sustainable,Standard
831,Candles,Paraffin Wax Candle,24.8,5.175,1.9,0.26,Not Sustainable,Untreated
904,Baby Bottles,Glass Baby Bottle,90.6,1.558,2.4,13.3,Moderate,Standard
355,Disposable Cups,Paper Cup,76.4,1.335,93.2,0.1,Moderate,Low-Grade
887,Reusable Straws,Bamboo Straw,90.3,0.841,77.9,1.98,Moderate,Untreated
645,Car Cleaning Cloth,Cotton Cloth,79.0,3.345,73.6,3.77,Moderate,Untreated
30,Bottles,Steel Bottle,91.2,2.125,0.0,17.07,Moderate,Low-Grade
166,Lunchboxes,Steel Lunchbox,89.7,2.708,0.0,29.72,Moderate,Low-Grade
249,Coffee Filter,Disposable Plastic Coffee Pods,35.1,5.325,1.3,0.64,Not Sustainable,Recycled
308,Disposable Plates,Bagasse Plate,22.4,0.744,96.9,0.15,Not Sustainable,Coated
552,Rugs,Polyester Rug,29.4,3.534,0.0,4.81,Not Sustainable,Low-Grade
389,Phone Cases,Silicone Case,31.4,2.658,0.0,7.5,Not Sustainable,Recycled
959,Suitcase,Polycarbonate Suitcase,41.3,5.415,0.5,3.44,Not Sustainable,Untreated
876,Reusable Straws,Plastic Straw,56.5,5.487,1.6,1.19,Not Sustainable,Premium
772,Scale (Ruler),Wooden Ruler,84.0,1.596,62.0,16.56,Moderate,Standard
1082,Pan,Non-stick Pan,56.9,3.168,1.7,3.2,Not Sustainable,Untreated
1089,Pan,Aluminum Pan,86.5,2.991,0.7,18.36,Moderate,Premium
680,Helmets,ABS Plastic Helmet,24.2,5.667,0.1,3.89,Not Sustainable,Untreated
814,Candles,Soy Wax Candle,28.2,0.335,82.2,2.25,Moderate,Untreated
66,Plates,Plastic Plate,20.7,3.382,0.0,3.93,Not Sustainable,Standard
487,Wall Clocks,Wooden Wall Clock,81.5,1.494,68.5,9.64,Moderate,Standard
993,Spoon,Plastic Spoon,38.5,4.942,0.4,4.14,Not Sustainable,Recycled
399,Laptop Cooling Pads,Plastic Cooling Pad,42.6,6.395,0.8,4.71,Not Sustainable,Premium
255,Coffee Filter,Disposable Plastic Coffee Pods,52.6,3.913,0.9,2.67,Not Sustainable,Standard
910,Baby Bottles,Glass Baby Bottle,87.6,1.535,2.5,8.73,Moderate,Low-Grade
313,Disposable Plates,Areca Leaf Plate,86.4,0.851,90.2,1.12,Moderate,Standard
582,Food Trays,Plastic Tray,14.9,3.725,0.1,3.13,Not Sustainable,Standard
222,Food Wraps,Plastic Wrap,23.6,7.493,0.0,3.8,Not Sustainable,Premium
236,Food Wraps,Aluminum Foil,91.4,2.344,1.2,8.6,Moderate,Untreated
520,Curtains,Polyester Curtains,51.6,2.876,0.1,2.52,Not Sustainable,Untreated
606,Seedling Pots,Plastic Nursery Pot,55.0,6.351,1.4,2.33,Not Sustainable,Coated
306,Disposable Plates,Plastic Plate,17.8,4.223,3.4,2.84,Not Sustainable,Coated
527,Curtains,Cotton Curtains,72.5,2.496,53.5,0.73,Moderate,Untreated
705,Crayons,Plastic Wax Crayons,29.3,6.161,0.3,2.23,Not Sustainable,Premium
1055,Comb,Metal Comb,95.0,1.786,0.0,13.68,Moderate,Recycled
250,Coffee Filter,Stainless Steel Coffee Filter,90.9,3.942,0.5,14.14,Moderate,Coated
1003,Spoon,Bamboo Spoon,93.1,0.193,77.7,4.45,Eco-Friendly,Coated
498,Wall Clocks,Plastic Wall Clock,15.3,2.572,1.7,3.08,Not Sustainable,Premium
72,Plates,Plastic Plate,25.8,2.954,0.4,2.12,Not Sustainable,Premium
95,Brushes,Wooden Brush,95.4,1.294,69.0,17.17,Moderate,Standard
744,Geometry Boxes,Plastic Geometry Box,17.5,6.96,0.0,0.76,Not Sustainable,Recycled
34,Bags,Cotton Bag,70.4,2.886,35.2,2.12,Not Sustainable,Coated
1016,Spoon,Steel Spoon,90.9,2.607,0.0,15.19,Moderate,Coated
260,Coffee Filter,Paper Coffee Filter,83.3,0.428,83.5,0.1,Moderate,Premium
205,Cotton Pads,Organic Cotton Pads,90.0,1.703,52.5,2.35,Moderate,Low-Grade
465,Wallets,PU Leather Wallet,13.8,5.184,0.0,5.34,Not Sustainable,Low-Grade
742,Geometry Boxes,Plastic Geometry Box,44.1,4.449,0.8,1.74,Not Sustainable,Recycled
443,Belts,Cork Belt,85.0,1.215,87.1,10.86,Moderate,Standard
78,Plates,Plastic Plate,48.6,3.292,1.6,3.99,Not Sustainable,Recycled
85,Plates,Palm Leaf Plate,10.4,6.334,0.7,4.09,Not Sustainable,Recycled
586,Food Trays,Sugarcane Bagasse Tray,17.6,0.802,95.4,0.46,Not Sustainable,Premium
83,Plates,Bamboo Plate,93.9,0.463,72.0,5.49,Eco-Friendly,Recycled
589,Food Trays,Sugarcane Bagasse Tray,25.6,1.079,98.8,1.27,Not Sustainable,Untreated
523,Curtains,Cotton Curtains,88.7,3.304,76.5,2.7,Moderate,Standard
889,Reusable Straws,Steel Straw,89.7,4.34,0.0,11.96,Not Sustainable,Premium
883,Reusable Straws,Steel Straw,97.7,3.1,1.0,23.57,Moderate,Coated
882,Reusable Straws,Plastic Straw,59.3,7.203,0.0,1.22,Not Sustainable,Premium
433,Belts,Cork Belt,80.1,0.883,87.1,9.94,Moderate,Standard
540,Curtains,Polyester Curtains,56.1,4.246,0.0,1.42,Not Sustainable,Recycled
351,Disposable Cups,Plastic Cup,26.2,6.737,1.4,1.75,Not Sustainable,Untreated
801,Edible Packaging,Non-edible Plastic Straw,18.6,3.215,2.5,2.82,Not Sustainable,Untreated
6,Bottles,Steel Bottle,92.7,2.481,0.0,27.55,Moderate,Coated
311,Disposable Plates,Bagasse Plate,12.3,0.353,83.0,1.43,Not Sustainable,Untreated
553,Rugs,Jute Rug,91.7,1.223,82.7,5.34,Moderate,Untreated
105,Brushes,Plastic Brush,54.0,6.458,0.0,2.75,Not Sustainable,Coated
98,Brushes,Wooden Brush,93.8,1.34,79.3,23.51,Eco-Friendly,Coated
558,Rugs,Polyester Rug,39.8,6.125,3.1,1.28,Not Sustainable,Premium
774,Scale (Ruler),Plastic Ruler,51.0,2.686,1.1,3.44,Not Sustainable,Standard
315,Disposable Plates,Plastic Plate,27.4,7.766,0.0,2.98,Not Sustainable,Standard
753,Scale (Ruler),Plastic Ruler,47.1,4.195,0.9,1.25,Not Sustainable,Recycled
514,Curtains,Polyester Curtains,14.7,6.673,0.0,2.77,Not Sustainable,Standard
63,Plates,Plastic Plate,11.8,8.025,0.6,1.34,Not Sustainable,Coated
282,Cutting Boards,Plastic Cutting Board,29.1,4.805,0.8,2.01,Not Sustainable,Untreated
630,Seedling Pots,Plastic Nursery Pot,32.1,6.988,1.0,0.84,Not Sustainable,Untreated
267,Coffee Filter,Disposable Plastic Coffee Pods,54.4,4.851,1.3,1.62,Not Sustainable,Untreated
1069,Comb,Wooden Comb,90.5,2.619,83.6,22.43,Moderate,Coated
239,Food Wraps,Aluminum Foil,81.9,4.336,0.0,18.43,Not Sustainable,Standard
980,Stool,Metal Stool,93.8,2.609,0.2,12.53,Moderate,Low-Grade
146,Toothbrushes,Biodegradable Toothbrush,17.0,5.31,1.7,3.06,Not Sustainable,Standard
1037,Soap Holders,Bamboo Soap Dish,81.1,0.357,85.1,1.97,Moderate,Low-Grade
440,Belts,Leather Belt,29.9,8.109,11.0,7.59,Not Sustainable,Coated
627,Seedling Pots,Plastic Nursery Pot,37.2,4.741,1.8,4.18,Not Sustainable,Coated
119,Brushes,Wooden Brush,73.2,1.695,63.4,14.07,Moderate,Premium
952,Suitcase,Recycled Plastic Suitcase,38.8,6.158,0.4,0.58,Not Sustainable,Coated
531,Curtains,Cotton Curtains,61.4,1.355,77.5,0.91,Moderate,Premium
251,Coffee Filter,Paper Coffee Filter,63.6,0.636,96.3,0.16,Moderate,Untreated
588,Food Trays,Plastic Tray,26.7,5.176,2.7,4.78,Not Sustainable,Premium
286,Cutting Boards,Bamboo Cutting Board,87.7,0.8,87.0,3.93,Moderate,Recycled
632,Car Cleaning Cloth,Microfiber Cloth,14.2,3.746,2.1,2.09,Not Sustainable,Premium
10,Bottles,Steel Bottle,90.0,3.882,0.0,9.01,Not Sustainable,Standard
463,Wallets,Cork Wallet,73.2,0.321,87.0,7.59,Moderate,Untreated
197,Cotton Pads,Bamboo Cotton Pads,88.3,0.764,81.8,4.55,Moderate,Coated
737,Geometry Boxes,Metal Geometry Box,92.2,3.22,0.4,24.93,Moderate,Untreated
371,Phone Cases,Silicone Case,37.3,2.679,0.0,6.27,Not Sustainable,Standard
82,Plates,Palm Leaf Plate,13.7,2.747,0.4,3.65,Not Sustainable,Low-Grade
390,Phone Cases,Hard Plastic Case,58.2,6.536,0.0,1.4,Not Sustainable,Untreated
533,Curtains,Cotton Curtains,73.4,1.365,75.4,4.14,Moderate,Standard
594,Food Trays,Plastic Tray,30.0,7.149,0.0,4.63,Not Sustainable,Untreated
755,Scale (Ruler),Metal Ruler,87.1,2.667,0.0,22.47,Moderate,Low-Grade
567,Rugs,Polyester Rug,17.8,7.427,0.6,2.85,Not Sustainable,Low-Grade
240,Food Wraps,Plastic Wrap,47.6,3.809,0.0,3.74,Not Sustainable,Premium
1032,Soap Holders,Plastic Soap Dish,26.2,5.704,0.0,4.32,Not Sustainable,Coated
212,Food Wraps,Aluminum Foil,70.1,2.926,0.3,6.29,Not Sustainable,Premium
867,Reusable Cups,Plastic Cup,27.0,5.267,2.5,4.96,Not Sustainable,Coated
145,Toothbrushes,Bamboo Toothbrush,97.5,0.507,67.1,5.23,Eco-Friendly,Untreated
933,Suitcase,Aluminum Suitcase,84.1,2.414,0.0,8.77,Not Sustainable,Low-Grade
957,Suitcase,Aluminum Suitcase,89.3,5.412,0.0,12.73,Not Sustainable,Coated
228,Food Wraps,Plastic Wrap,22.4,4.092,1.0,2.61,Not Sustainable,Low-Grade
1027,Soap Holders,Bamboo Soap Dish,97.7,0.451,63.7,4.9,Eco-Friendly,Premium
813,Candles,Paraffin Wax Candle,40.6,6.557,0.0,2.6,Not Sustainable,Premium
534,Curtains,Polyester Curtains,56.3,7.765,0.0,0.97,Not Sustainable,Untreated
1066,Comb,Wooden Comb,94.5,0.656,78.8,13.39,Eco-Friendly,Low-Grade
178,Lunchboxes,Steel Lunchbox,99.9,2.862,0.0,26.37,Moderate,Coated
1073,Comb,Metal Comb,85.8,2.621,0.0,25.16,Moderate,Untreated
543,Rugs,Polyester Rug,18.6,4.754,0.0,4.03,Not Sustainable,Standard
136,Toothbrushes,Bamboo Toothbrush,90.5,0.596,91.4,4.62,Eco-Friendly,Recycled
1034,Soap Holders,Plastic Soap Dish,10.8,4.161,1.0,4.57,Not Sustainable,Premium
559,Rugs,Jute Rug,86.4,0.234,68.7,6.42,Eco-Friendly,Untreated
479,Wallets,Leather Wallet,48.3,12.197,11.4,7.1,Not Sustainable,Low-Grade
1107,Pan,Aluminum Pan,77.1,4.54,0.3,9.77,Not Sustainable,Recycled
8,Bottles,Plastic Bottle,38.1,6.924,0.3,1.15,Not Sustainable,Untreated
619,Seedling Pots,Coir Pot,19.8,1.429,42.4,3.11,Not Sustainable,Low-Grade
156,Lunchboxes,Bamboo Lunchbox,91.3,1.103,69.0,4.11,Moderate,Untreated
714,Crayons,Plastic Wax Crayons,30.2,6.847,0.0,0.92,Not Sustainable,Premium
358,Disposable Cups,Paper Cup,72.8,1.045,94.4,0.77,Moderate,Standard
932,Suitcase,Polycarbonate Suitcase,13.2,2.407,1.9,2.97,Not Sustainable,Coated
224,Food Wraps,Aluminum Foil,75.8,5.778,0.0,10.61,Not Sustainable,Coated
330,Disposable Plates,Plastic Plate,42.0,5.432,1.1,1.46,Not Sustainable,Premium
598,Food Trays,Sugarcane Bagasse Tray,12.8,1.089,91.5,0.75,Not Sustainable,Premium
968,Stool,Metal Stool,91.5,3.86,0.0,22.65,Moderate,Recycled
937,Suitcase,Recycled Plastic Suitcase,12.9,7.011,0.7,3.54,Not Sustainable,Premium
785,Edible Packaging,Edible Spoon,39.9,5.331,2.2,1.43,Not Sustainable,Premium
786,Edible Packaging,Non-edible Plastic Straw,17.8,4.485,2.7,1.25,Not Sustainable,Premium
754,Scale (Ruler),Wooden Ruler,74.4,1.423,77.9,22.24,Moderate,Untreated
482,Wall Clocks,Metal Wall Clock,86.6,3.67,0.0,18.15,Moderate,Recycled
508,Wall Clocks,Wooden Wall Clock,86.9,2.33,67.1,7.99,Moderate,Recycled
1058,Comb,Metal Comb,91.2,2.906,0.0,11.57,Moderate,Standard
1072,Comb,Wooden Comb,76.9,1.911,79.7,16.63,Moderate,Low-Grade
690,Helmets,ABS Plastic Helmet,30.4,3.704,0.9,2.32,Not Sustainable,Premium
562,Rugs,Jute Rug,88.1,1.085,70.0,9.4,Moderate,Coated
637,Car Cleaning Cloth,Cotton Cloth,61.6,2.565,33.8,4.32,Not Sustainable,Premium
1057,Comb,Wooden Comb,82.0,1.905,91.3,10.87,Moderate,Low-Grade
441,Belts,Cork Belt,80.8,1.168,81.6,4.65,Moderate,Recycled
709,Crayons,Beeswax Crayons,39.6,0.991,93.0,3.01,Moderate,Recycled
897,Reusable Straws,Plastic Straw,19.0,6.878,0.6,3.37,Not Sustainable,Standard
808,Edible Packaging,Edible Rice Straw,23.2,5.817,0.0,2.5,Not Sustainable,Recycled
164,Lunchboxes,Plastic Lunchbox,23.1,7.277,1.5,1.04,Not Sustainable,Standard
229,Food Wraps,Beeswax Food Wrap,21.0,0.211,95.4,4.63,Moderate,Coated
1065,Comb,Plastic Comb,56.0,6.172,1.5,1.64,Not Sustainable,Low-Grade
881,Reusable Straws,Bamboo Straw,81.1,1.047,92.2,5.37,Moderate,Low-Grade
213,Food Wraps,Plastic Wrap,36.7,4.061,0.0,2.04,Not Sustainable,Untreated
923,Baby Bottles,Plastic Baby Bottle,34.2,2.742,0.0,4.24,Not Sustainable,Coated
80,Plates,Bamboo Plate,89.4,0.374,61.0,2.82,Moderate,Low-Grade
149,Toothbrushes,Biodegradable Toothbrush,14.6,4.729,1.1,3.38,Not Sustainable,Low-Grade
303,Disposable Plates,Plastic Plate,35.5,3.077,0.0,0.61,Not Sustainable,Untreated
486,Wall Clocks,Plastic Wall Clock,55.8,3.693,0.5,1.92,Not Sustainable,Coated
1106,Pan,Non-stick Pan,11.0,5.619,0.5,1.54,Not Sustainable,Low-Grade
1077,Comb,Plastic Comb,24.3,5.766,1.7,3.44,Not Sustainable,Untreated
495,Wall Clocks,Plastic Wall Clock,21.3,5.67,0.8,3.89,Not Sustainable,Coated
44,Bags,Jute Bag,92.9,0.97,88.5,7.34,Moderate,Standard
724,Geometry Boxes,Plastic Geometry Box,39.0,5.636,0.0,3.75,Not Sustainable,Recycled
134,Toothbrushes,Biodegradable Toothbrush,40.8,3.08,1.4,2.82,Not Sustainable,Standard
727,Geometry Boxes,Metal Geometry Box,99.4,4.049,0.0,20.69,Moderate,Standard
623,Seedling Pots,Jiffy Peat Pot,27.4,1.786,21.4,8.24,Not Sustainable,Standard
667,Helmets,Recycled Polymer Helmet,79.2,3.849,0.0,10.46,Not Sustainable,Recycled
312,Disposable Plates,Plastic Plate,16.9,3.63,0.4,3.38,Not Sustainable,Untreated
409,Laptop Cooling Pads,Bamboo Cooling Stand,81.2,0.63,95.2,5.46,Moderate,Recycled
960,Suitcase,Aluminum Suitcase,70.6,5.209,0.9,12.88,Not Sustainable,Low-Grade
740,Geometry Boxes,Plastic Geometry Box,59.1,3.422,0.0,1.46,Not Sustainable,Coated
576,Food Trays,Plastic Tray,51.3,6.349,1.4,4.1,Not Sustainable,Premium
948,Suitcase,Aluminum Suitcase,77.6,5.146,0.0,7.04,Not Sustainable,Coated
988,Stool,Solid Wood Stool,64.5,1.793,66.6,12.9,Moderate,Untreated
908,Baby Bottles,Plastic Baby Bottle,56.9,3.862,0.0,4.88,Not Sustainable,Untreated
1,Bottles,Bamboo Bottle,95.4,0.784,71.0,5.07,Moderate,Low-Grade
423,Belts,Cork Belt,70.2,1.28,96.8,8.04,Moderate,Coated
361,Phone Cases,Biodegradable Case,34.7,1.818,89.3,0.8,Not Sustainable,Untreated
383,Phone Cases,Silicone Case,14.9,2.876,0.0,15.75,Not Sustainable,Premium
317,Disposable Plates,Bagasse Plate,39.0,0.07,79.9,0.1,Moderate,Recycled
934,Suitcase,Recycled Plastic Suitcase,16.5,4.879,0.0,1.63,Not Sustainable,Premium
476,Wallets,Leather Wallet,26.1,10.238,13.7,10.32,Not Sustainable,Low-Grade
854,Reusable Cups,Bamboo Cup,80.4,1.021,65.1,4.44,Moderate,Standard
671,Helmets,Recycled Polymer Helmet,51.7,2.55,0.0,8.09,Not Sustainable,Untreated
815,Candles,Beeswax Candle,34.3,1.118,95.3,0.95,Moderate,Premium
1011,Spoon,Plastic Spoon,43.1,6.508,1.2,5.09,Not Sustainable,Standard
1071,Comb,Plastic Comb,56.9,6.259,1.9,3.38,Not Sustainable,Standard
141,Toothbrushes,Plastic Toothbrush,48.8,2.524,1.7,2.17,Not Sustainable,Premium
173,Lunchboxes,Plastic Lunchbox,34.4,6.326,2.1,0.82,Not Sustainable,Standard
451,Wallets,Cork Wallet,81.1,1.229,85.8,7.25,Moderate,Premium
126,Toothbrushes,Plastic Toothbrush,23.1,7.118,0.8,1.73,Not Sustainable,Standard
546,Rugs,Polyester Rug,40.8,4.669,0.8,0.89,Not Sustainable,Premium
733,Geometry Boxes,Metal Geometry Box,85.9,3.478,0.0,8.96,Not Sustainable,Low-Grade
903,Baby Bottles,Silicone Baby Bottle,39.2,2.291,0.0,7.94,Not Sustainable,Untreated
1054,Comb,Wooden Comb,75.4,0.991,80.7,22.95,Moderate,Recycled
91,Brushes,Bamboo Brush,89.4,0.588,79.4,3.63,Moderate,Untreated
1076,Comb,Metal Comb,89.6,4.344,1.2,18.77,Moderate,Coated
182,Cotton Pads,Bamboo Cotton Pads,86.7,1.03,80.0,2.81,Moderate,Premium
364,Phone Cases,Biodegradable Case,39.1,0.933,91.3,1.23,Moderate,Premium
1064,Comb,Metal Comb,86.3,4.212,0.5,13.41,Not Sustainable,Low-Grade
275,Cutting Boards,Wooden Cutting Board,65.9,1.69,88.3,21.26,Moderate,Standard
843,Reusable Cups,Plastic Cup,49.0,4.232,0.8,3.97,Not Sustainable,Recycled
252,Coffee Filter,Disposable Plastic Coffee Pods,46.5,3.647,1.0,3.44,Not Sustainable,Low-Grade
70,Plates,Palm Leaf Plate,27.4,4.932,0.0,2.69,Not Sustainable,Premium
292,Cutting Boards,Bamboo Cutting Board,95.3,1.071,94.7,5.04,Moderate,Recycled
132,Toothbrushes,Plastic Toothbrush,31.3,6.377,0.0,0.95,Not Sustainable,Recycled
301,Disposable Plates,Areca Leaf Plate,76.8,0.043,81.5,0.1,Eco-Friendly,Recycled
571,Food Trays,Sugarcane Bagasse Tray,20.1,0.718,86.0,0.1,Not Sustainable,Coated
327,Disposable Plates,Plastic Plate,53.2,3.809,0.0,1.43,Not Sustainable,Coated
856,Reusable Cups,Steel Mug,88.2,1.33,0.4,27.45,Moderate,Coated
500,Wall Clocks,Metal Wall Clock,86.7,4.626,0.0,20.25,Moderate,Standard
568,Rugs,Jute Rug,87.4,0.765,89.9,7.52,Moderate,Standard
1070,Comb,Metal Comb,86.9,3.054,1.1,28.6,Moderate,Untreated
496,Wall Clocks,Wooden Wall Clock,75.5,2.252,80.5,10.93,Moderate,Standard
339,Disposable Cups,Plastic Cup,30.9,4.789,0.1,1.88,Not Sustainable,Untreated
811,Candles,Soy Wax Candle,33.9,0.744,84.3,4.24,Moderate,Premium
165,Lunchboxes,Bamboo Lunchbox,90.8,0.597,77.1,2.08,Moderate,Untreated
29,Bottles,Bamboo Bottle,89.0,0.877,88.7,3.38,Moderate,Low-Grade
517,Curtains,Cotton Curtains,89.1,1.952,72.1,5.08,Moderate,Premium
194,Cotton Pads,Bamboo Cotton Pads,96.6,0.554,90.6,6.09,Eco-Friendly,Premium
661,Helmets,Recycled Polymer Helmet,72.3,2.585,0.0,4.21,Not Sustainable,Untreated
170,Lunchboxes,Plastic Lunchbox,14.1,5.334,0.2,1.74,Not Sustainable,Low-Grade
603,Seedling Pots,Plastic Nursery Pot,14.2,4.109,0.0,3.26,Not Sustainable,Premium
174,Lunchboxes,Bamboo Lunchbox,87.4,1.086,92.4,3.09,Moderate,Premium
519,Curtains,Cotton Curtains,79.2,2.076,68.5,3.99,Moderate,Premium
778,Scale (Ruler),Wooden Ruler,83.9,2.489,78.1,11.1,Moderate,Low-Grade
596,Food Trays,Aluminum Tray,76.0,5.611,1.2,10.73,Not Sustainable,Low-Grade
492,Wall Clocks,Plastic Wall Clock,54.4,7.995,0.0,0.35,Not Sustainable,Untreated
74,Plates,Bamboo Plate,88.5,1.021,89.4,5.47,Moderate,Recycled
924,Baby Bottles,Silicone Baby Bottle,17.1,1.828,0.0,5.5,Not Sustainable,Untreated
235,Food Wraps,Beeswax Food Wrap,33.1,0.585,99.7,4.29,Moderate,Standard
215,Food Wraps,Aluminum Foil,86.6,4.346,0.0,16.51,Not Sustainable,Coated
800,Edible Packaging,Edible Spoon,59.6,6.765,0.8,4.14,Not Sustainable,Standard
133,Toothbrushes,Bamboo Toothbrush,81.6,1.066,80.2,2.09,Moderate,Premium
689,Helmets,Recycled Polymer Helmet,51.7,3.411,0.9,6.77,Not Sustainable,Premium
995,Spoon,Steel Spoon,99.2,1.635,0.7,28.89,Moderate,Recycled
186,Cotton Pads,Synthetic Cotton Pads,81.1,2.721,61.6,4.42,Moderate,Recycled
42,Bags,Polyester Bag,27.6,2.9,1.0,3.6,Not Sustainable,Premium
109,Brushes,Bamboo Brush,83.2,0.622,88.5,2.74,Moderate,Coated
718,Crayons,Beeswax Crayons,28.0,0.873,96.1,1.65,Moderate,Recycled
555,Rugs,Polyester Rug,42.4,4.511,0.0,3.06,Not Sustainable,Coated
844,Reusable Cups,Steel Mug,91.0,2.869,0.3,18.67,Moderate,Untreated
484,Wall Clocks,Wooden Wall Clock,90.2,2.103,79.9,18.03,Moderate,Standard
469,Wallets,Cork Wallet,83.3,0.756,90.6,10.71,Moderate,Recycled
25,Bottles,Bamboo Bottle,98.0,0.924,67.8,6.04,Moderate,Premium
913,Baby Bottles,Glass Baby Bottle,91.8,0.835,4.4,8.07,Moderate,Premium
579,Food Trays,Plastic Tray,56.9,5.722,0.5,2.2,Not Sustainable,Standard
974,Stool,Metal Stool,98.2,1.912,0.0,17.78,Moderate,Low-Grade
838,Candles,Soy Wax Candle,26.1,0.553,85.7,3.05,Moderate,Untreated
367,Phone Cases,Biodegradable Case,42.4,1.512,95.5,1.92,Moderate,Standard
712,Crayons,Beeswax Crayons,20.1,0.666,98.4,2.93,Moderate,Untreated
384,Phone Cases,Hard Plastic Case,52.6,4.669,0.0,2.24,Not Sustainable,Premium
455,Wallets,Leather Wallet,34.3,11.091,8.8,8.48,Not Sustainable,Untreated
265,Coffee Filter,Stainless Steel Coffee Filter,97.8,2.168,0.0,23.05,Moderate,Untreated
644,Car Cleaning Cloth,Microfiber Cloth,17.3,4.173,0.8,4.87,Not Sustainable,Recycled
826,Candles,Soy Wax Candle,14.6,0.44,94.7,1.45,Moderate,Premium
445,Belts,Cork Belt,91.6,0.449,87.1,9.3,Eco-Friendly,Low-Grade
396,Laptop Cooling Pads,Plastic Cooling Pad,52.4,5.996,1.9,1.79,Not Sustainable,Recycled
177,Lunchboxes,Bamboo Lunchbox,90.2,0.046,88.8,5.43,Eco-Friendly,Low-Grade
19,Bottles,Glass Bottle,95.3,1.689,3.8,12.38,Moderate,Coated
599,Food Trays,Aluminum Tray,91.5,2.14,1.0,7.25,Moderate,Recycled
1010,Spoon,Steel Spoon,95.8,3.434,0.0,21.63,Moderate,Premium
62,Plates,Bamboo Plate,80.8,0.234,89.8,3.21,Eco-Friendly,Low-Grade
273,Cutting Boards,Plastic Cutting Board,23.5,7.172,0.3,2.39,Not Sustainable,Recycled
1043,Soap Holders,Bamboo Soap Dish,93.4,0.498,80.3,4.96,Eco-Friendly,Premium
279,Cutting Boards,Plastic Cutting Board,33.2,6.047,0.4,3.29,Not Sustainable,Untreated
713,Crayons,Soy Crayons,16.6,0.688,93.1,4.64,Not Sustainable,Coated
369,Phone Cases,Hard Plastic Case,27.4,4.596,0.0,1.15,Not Sustainable,Recycled
781,Edible Packaging,Edible Rice Straw,16.6,6.132,1.9,2.88,Not Sustainable,Coated
696,Crayons,Plastic Wax Crayons,41.4,7.877,0.4,4.14,Not Sustainable,Premium
676,Helmets,ABS Plastic Helmet,38.7,5.684,0.9,3.14,Not Sustainable,Low-Grade
548,Rugs,Wool Rug,59.8,2.758,89.2,5.39,Moderate,Untreated
984,Stool,Plastic Stool,56.9,2.862,0.0,2.86,Not Sustainable,Standard
763,Scale (Ruler),Wooden Ruler,86.2,0.579,89.9,17.95,Eco-Friendly,Low-Grade
457,Wallets,Cork Wallet,78.5,1.93,88.9,5.02,Moderate,Low-Grade
394,Laptop Cooling Pads,Bamboo Cooling Stand,91.4,0.936,61.6,4.03,Moderate,Standard
1110,Pan,Aluminum Pan,70.5,4.065,0.0,11.63,Not Sustainable,Coated
812,Candles,Beeswax Candle,38.3,0.837,89.3,1.8,Moderate,Low-Grade
376,Phone Cases,Biodegradable Case,22.9,1.871,98.1,0.1,Not Sustainable,Standard
413,Laptop Cooling Pads,Metal Cooling Stand,88.4,2.369,0.0,25.73,Moderate,Coated
75,Plates,Plastic Plate,53.3,4.038,0.0,3.37,Not Sustainable,Coated
1039,Soap Holders,Bamboo Soap Dish,96.6,0.275,78.3,4.43,Eco-Friendly,Standard
501,Wall Clocks,Plastic Wall Clock,42.0,5.025,0.5,0.82,Not Sustainable,Coated
679,Helmets,Recycled Polymer Helmet,59.5,2.659,1.9,3.33,Not Sustainable,Standard
115,Brushes,Bamboo Brush,94.5,1.071,67.2,6.49,Moderate,Low-Grade
418,Laptop Cooling Pads,Bamboo Cooling Stand,95.0,0.558,77.6,2.86,Moderate,Coated
90,Plates,Plastic Plate,31.8,4.055,0.0,1.15,Not Sustainable,Low-Grade
1063,Comb,Wooden Comb,66.4,1.291,84.7,19.08,Moderate,Untreated
499,Wall Clocks,Wooden Wall Clock,75.5,1.191,77.3,8.7,Moderate,Standard
1007,Spoon,Steel Spoon,94.8,2.81,0.4,22.91,Moderate,Premium
746,Geometry Boxes,Plastic Geometry Box,53.3,6.536,0.4,1.51,Not Sustainable,Recycled
12,Bottles,Plastic Bottle,27.2,2.804,0.2,1.65,Not Sustainable,Untreated
397,Laptop Cooling Pads,Bamboo Cooling Stand,97.0,1.011,72.3,7.12,Moderate,Low-Grade
788,Edible Packaging,Edible Spoon,51.0,5.808,1.4,4.15,Not Sustainable,Standard
954,Suitcase,Aluminum Suitcase,84.4,3.536,0.0,12.15,Not Sustainable,Premium
43,Bags,Cotton Bag,64.7,2.234,46.9,3.14,Not Sustainable,Untreated
168,Lunchboxes,Bamboo Lunchbox,87.2,0.78,78.4,4.29,Moderate,Low-Grade
417,Laptop Cooling Pads,Plastic Cooling Pad,40.2,3.942,2.4,3.09,Not Sustainable,Low-Grade
577,Food Trays,Sugarcane Bagasse Tray,38.2,0.369,92.2,0.1,Moderate,Low-Grade
912,Baby Bottles,Silicone Baby Bottle,18.2,1.666,0.2,7.46,Not Sustainable,Untreated
427,Belts,Cork Belt,70.5,1.21,81.3,12.83,Moderate,Recycled
545,Rugs,Wool Rug,85.9,3.322,69.4,14.44,Moderate,Coated
1040,Soap Holders,Plastic Soap Dish,30.1,7.546,0.0,2.17,Not Sustainable,Untreated
1090,Pan,Cast Iron Pan,14.2,3.06,1.1,2.48,Not Sustainable,Premium
828,Candles,Paraffin Wax Candle,47.9,5.602,2.9,2.32,Not Sustainable,Premium
747,Geometry Boxes,Metal Geometry Box,84.5,4.176,0.2,14.78,Not Sustainable,Untreated
258,Coffee Filter,Disposable Plastic Coffee Pods,19.7,6.391,1.0,3.21,Not Sustainable,Coated
336,Disposable Cups,Plastic Cup,41.6,5.548,3.4,4.38,Not Sustainable,Standard
16,Bottles,Plastic Bottle,24.5,5.996,0.0,5.07,Not Sustainable,Coated
765,Scale (Ruler),Plastic Ruler,48.4,7.98,0.0,0.96,Not Sustainable,Standard
325,Disposable Plates,Areca Leaf Plate,77.7,0.837,85.7,0.13,Moderate,Premium
921,Baby Bottles,Silicone Baby Bottle,32.5,2.282,0.2,6.24,Not Sustainable,Coated
914,Baby Bottles,Plastic Baby Bottle,13.6,7.969,0.0,2.49,Not Sustainable,Coated
223,Food Wraps,Beeswax Food Wrap,20.9,0.871,90.6,1.75,Not Sustainable,Premium
180,Lunchboxes,Bamboo Lunchbox,93.2,0.649,69.4,6.0,Moderate,Untreated
100,Brushes,Bamboo Brush,87.1,0.838,78.6,3.2,Moderate,Premium
522,Curtains,Polyester Curtains,29.1,7.998,0.0,2.84,Not Sustainable,Untreated
23,Bottles,Glass Bottle,91.9,0.704,1.2,8.88,Moderate,Coated
357,Disposable Cups,Plastic Cup,21.1,3.946,0.2,1.76,Not Sustainable,Untreated
809,Edible Packaging,Edible Spoon,49.8,6.029,1.4,1.01,Not Sustainable,Low-Grade
1031,Soap Holders,Bamboo Soap Dish,88.5,0.617,61.7,5.87,Moderate,Standard
612,Seedling Pots,Plastic Nursery Pot,50.4,5.301,0.0,0.76,Not Sustainable,Low-Grade
849,Reusable Cups,Plastic Cup,32.6,7.419,0.0,3.86,Not Sustainable,Coated
341,Disposable Cups,Bioplastic Cup,15.8,4.863,1.0,1.69,Not Sustainable,Coated
432,Belts,Leather Belt,21.0,7.544,15.0,7.08,Not Sustainable,Recycled
925,Baby Bottles,Glass Baby Bottle,90.6,1.795,3.3,18.14,Moderate,Coated
1000,Spoon,Bamboo Spoon,92.7,0.687,90.3,5.53,Eco-Friendly,Untreated
204,Cotton Pads,Synthetic Cotton Pads,85.9,2.424,59.4,0.45,Moderate,Untreated
877,Reusable Straws,Steel Straw,90.3,2.712,0.0,17.11,Moderate,Untreated
94,Brushes,Bamboo Brush,95.9,0.712,64.2,3.58,Moderate,Untreated
1060,Comb,Wooden Comb,77.9,2.388,60.8,12.95,Moderate,Recycled
69,Plates,Plastic Plate,42.2,5.934,1.7,1.1,Not Sustainable,Untreated
758,Scale (Ruler),Metal Ruler,99.3,3.426,0.0,18.56,Moderate,Premium
285,Cutting Boards,Plastic Cutting Board,31.9,7.5,1.3,0.93,Not Sustainable,Coated
965,Stool,Metal Stool,94.2,4.467,0.0,19.13,Moderate,Recycled
435,Belts,Cork Belt,74.6,1.617,94.6,3.14,Moderate,Standard
154,Lunchboxes,Steel Lunchbox,94.0,3.568,0.0,11.12,Moderate,Recycled
76,Plates,Palm Leaf Plate,11.4,4.192,0.0,4.82,Not Sustainable,Low-Grade
884,Reusable Straws,Bamboo Straw,93.7,0.987,68.5,5.4,Moderate,Untreated
581,Food Trays,Aluminum Tray,81.7,4.425,0.0,13.51,Not Sustainable,Coated
447,Belts,Cork Belt,75.3,0.651,83.9,6.93,Moderate,Untreated
189,Cotton Pads,Synthetic Cotton Pads,68.2,1.923,39.3,3.34,Not Sustainable,Premium
272,Cutting Boards,Wooden Cutting Board,71.2,1.291,91.6,22.7,Moderate,Coated
237,Food Wraps,Plastic Wrap,55.7,4.41,0.0,2.99,Not Sustainable,Low-Grade
488,Wall Clocks,Metal Wall Clock,92.8,1.452,0.0,23.05,Moderate,Low-Grade
1074,Comb,Plastic Comb,58.9,5.26,0.0,1.3,Not Sustainable,Standard
560,Rugs,Wool Rug,63.7,4.038,68.9,6.3,Moderate,Premium
118,Brushes,Bamboo Brush,83.8,1.075,76.6,3.67,Moderate,Standard
989,Stool,Metal Stool,97.8,2.309,0.0,11.37,Moderate,Premium
981,Stool,Plastic Stool,43.6,4.342,3.3,2.7,Not Sustainable,Coated
513,Curtains,Cotton Curtains,81.4,2.003,34.0,3.59,Moderate,Coated
634,Car Cleaning Cloth,Microfiber Cloth,14.3,2.413,0.0,2.76,Not Sustainable,Coated
666,Helmets,ABS Plastic Helmet,17.6,3.236,0.5,3.08,Not Sustainable,Untreated
847,Reusable Cups,Steel Mug,91.1,3.501,0.0,20.37,Moderate,Coated
721,Geometry Boxes,Metal Geometry Box,92.0,1.38,0.6,8.99,Moderate,Coated
127,Toothbrushes,Bamboo Toothbrush,92.8,0.851,94.8,3.27,Moderate,Recycled
117,Brushes,Plastic Brush,19.3,7.878,0.0,4.56,Not Sustainable,Untreated
474,Wallets,PU Leather Wallet,24.9,7.472,0.0,5.04,Not Sustainable,Premium
874,Reusable Straws,Steel Straw,98.1,3.566,0.0,9.09,Moderate,Standard
58,Bags,Cotton Bag,87.1,3.839,29.3,0.1,Not Sustainable,Coated
604,Seedling Pots,Coir Pot,35.6,0.811,27.4,5.68,Not Sustainable,Low-Grade
817,Candles,Soy Wax Candle,21.2,0.77,95.2,1.64,Not Sustainable,Untreated
657,Car Cleaning Cloth,Cotton Cloth,64.5,2.402,36.3,2.53,Not Sustainable,Premium
766,Scale (Ruler),Wooden Ruler,71.2,0.537,67.9,19.19,Moderate,Premium
1023,Soap Holders,Bamboo Soap Dish,87.2,1.002,64.2,2.57,Moderate,Low-Grade
106,Brushes,Bamboo Brush,84.1,0.511,84.1,6.1,Moderate,Standard
636,Car Cleaning Cloth,Microfiber Cloth,11.5,2.334,1.5,4.06,Not Sustainable,Standard
370,Phone Cases,Biodegradable Case,28.3,1.038,71.4,1.4,Not Sustainable,Recycled
269,Coffee Filter,Paper Coffee Filter,90.4,1.124,100.0,0.26,Moderate,Low-Grade
656,Car Cleaning Cloth,Microfiber Cloth,12.6,4.05,0.0,3.81,Not Sustainable,Premium
47,Bags,Jute Bag,96.3,1.516,73.5,3.7,Moderate,Recycled
350,Disposable Cups,Bioplastic Cup,58.3,8.263,0.0,3.09,Not Sustainable,Premium
196,Cotton Pads,Organic Cotton Pads,62.4,1.873,29.4,2.79,Not Sustainable,Low-Grade
103,Brushes,Bamboo Brush,90.0,1.181,83.1,4.22,Moderate,Untreated
1001,Spoon,Steel Spoon,98.3,1.631,0.0,9.15,Moderate,Low-Grade
955,Suitcase,Recycled Plastic Suitcase,47.3,5.706,1.7,2.19,Not Sustainable,Premium
835,Candles,Soy Wax Candle,31.5,0.36,97.0,2.91,Moderate,Low-Grade
890,Reusable Straws,Bamboo Straw,94.1,0.67,92.0,2.13,Eco-Friendly,Low-Grade
264,Coffee Filter,Disposable Plastic Coffee Pods,30.4,5.789,2.1,2.53,Not Sustainable,Recycled
906,Baby Bottles,Silicone Baby Bottle,31.4,2.346,0.0,9.49,Not Sustainable,Low-Grade
444,Belts,Leather Belt,23.3,11.106,17.2,8.24,Not Sustainable,Untreated
818,Candles,Beeswax Candle,13.8,0.945,97.4,1.9,Not Sustainable,Recycled
716,Crayons,Soy Crayons,32.1,0.206,90.7,1.43,Moderate,Premium
305,Disposable Plates,Bagasse Plate,19.8,0.626,89.1,0.1,Not Sustainable,Low-Grade
342,Disposable Cups,Plastic Cup,35.0,3.424,0.0,4.21,Not Sustainable,Standard
732,Geometry Boxes,Plastic Geometry Box,50.7,6.739,0.0,0.55,Not Sustainable,Recycled
314,Disposable Plates,Bagasse Plate,31.4,0.245,88.0,0.72,Moderate,Premium
150,Toothbrushes,Plastic Toothbrush,10.8,3.835,0.0,2.97,Not Sustainable,Standard
125,Toothbrushes,Biodegradable Toothbrush,48.4,6.301,0.0,3.5,Not Sustainable,Low-Grade
945,Suitcase,Aluminum Suitcase,83.0,5.308,0.0,6.1,Not Sustainable,Premium
986,Stool,Metal Stool,89.7,2.074,0.9,16.73,Moderate,Untreated
698,Crayons,Soy Crayons,27.2,0.554,95.6,3.43,Moderate,Low-Grade
665,Helmets,Recycled Polymer Helmet,57.0,5.099,1.5,7.37,Not Sustainable,Premium
51,Bags,Polyester Bag,12.9,3.447,2.1,3.7,Not Sustainable,Standard
354,Disposable Cups,Plastic Cup,41.5,7.268,0.0,2.05,Not Sustainable,Coated
1067,Comb,Metal Comb,92.7,3.725,1.2,21.14,Moderate,Untreated
143,Toothbrushes,Biodegradable Toothbrush,17.3,6.155,1.0,1.82,Not Sustainable,Premium
471,Wallets,PU Leather Wallet,15.2,6.86,0.6,2.67,Not Sustainable,Untreated
654,Car Cleaning Cloth,Microfiber Cloth,23.5,2.456,0.0,2.24,Not Sustainable,Coated
400,Laptop Cooling Pads,Bamboo Cooling Stand,82.5,0.358,83.8,7.07,Eco-Friendly,Untreated
761,Scale (Ruler),Metal Ruler,92.0,1.351,0.4,9.26,Moderate,Recycled
321,Disposable Plates,Plastic Plate,20.6,5.286,1.0,2.2,Not Sustainable,Premium
20,Bottles,Plastic Bottle,61.0,3.827,0.4,3.17,Not Sustainable,Coated
685,Helmets,Recycled Polymer Helmet,59.2,4.304,0.0,5.32,Not Sustainable,Coated
971,Stool,Metal Stool,86.3,1.961,0.0,21.33,Moderate,Recycled
949,Suitcase,Recycled Plastic Suitcase,47.7,6.072,0.1,3.98,Not Sustainable,Coated
970,Stool,Solid Wood Stool,60.2,1.75,81.9,9.28,Moderate,Recycled
408,Laptop Cooling Pads,Plastic Cooling Pad,35.0,6.412,0.7,3.48,Not Sustainable,Coated
538,Curtains,Polyester Curtains,24.6,6.903,0.7,2.74,Not Sustainable,Untreated
962,Stool,Metal Stool,96.7,3.13,1.5,19.06,Moderate,Coated
756,Scale (Ruler),Plastic Ruler,19.1,5.194,0.0,2.7,Not Sustainable,Recycled
39,Bags,Polyester Bag,50.1,7.387,0.9,0.67,Not Sustainable,Recycled
176,Lunchboxes,Plastic Lunchbox,51.0,6.925,3.0,3.38,Not Sustainable,Premium
246,Coffee Filter,Disposable Plastic Coffee Pods,45.1,5.909,0.9,2.49,Not Sustainable,Coated
994,Spoon,Bamboo Spoon,94.1,0.923,62.0,6.54,Moderate,Standard
810,Edible Packaging,Non-edible Plastic Straw,54.3,7.186,0.4,1.99,Not Sustainable,Premium
909,Baby Bottles,Silicone Baby Bottle,22.1,1.884,1.4,2.4,Not Sustainable,Recycled
490,Wall Clocks,Wooden Wall Clock,70.4,1.515,92.8,24.53,Moderate,Standard
155,Lunchboxes,Plastic Lunchbox,23.5,5.213,0.0,3.41,Not Sustainable,Premium
639,Car Cleaning Cloth,Cotton Cloth,81.1,2.352,61.4,3.54,Moderate,Low-Grade
663,Helmets,Recycled Polymer Helmet,67.1,1.956,1.7,4.42,Not Sustainable,Untreated
288,Cutting Boards,Plastic Cutting Board,12.2,4.684,1.4,2.78,Not Sustainable,Premium
626,Seedling Pots,Jiffy Peat Pot,30.9,0.627,26.2,3.21,Not Sustainable,Untreated
686,Helmets,ABS Plastic Helmet,30.7,6.906,1.2,4.91,Not Sustainable,Recycled
896,Reusable Straws,Bamboo Straw,86.9,0.513,73.3,1.44,Moderate,Premium
570,Rugs,Polyester Rug,21.0,2.618,0.3,3.12,Not Sustainable,Coated
1068,Comb,Plastic Comb,21.1,7.705,0.9,0.6,Not Sustainable,Untreated
18,Bottles,Steel Bottle,95.7,2.002,0.3,11.32,Moderate,Recycled
128,Toothbrushes,Biodegradable Toothbrush,35.8,4.105,0.0,1.62,Not Sustainable,Premium
323,Disposable Plates,Bagasse Plate,17.6,0.812,90.3,0.22,Not Sustainable,Untreated
256,Coffee Filter,Stainless Steel Coffee Filter,96.6,2.464,0.0,24.59,Moderate,Untreated
797,Edible Packaging,Edible Spoon,48.9,5.767,0.6,0.72,Not Sustainable,Premium
1093,Pan,Cast Iron Pan,49.5,5.994,0.3,1.7,Not Sustainable,Coated
191,Cotton Pads,Bamboo Cotton Pads,82.0,0.864,63.7,2.58,Moderate,Coated
116,Brushes,Wooden Brush,82.1,1.43,65.1,16.09,Moderate,Untreated
1087,Pan,Cast Iron Pan,33.6,7.104,1.6,2.74,Not Sustainable,Premium
870,Reusable Cups,Plastic Cup,50.0,4.678,1.1,3.76,Not Sustainable,Recycled
607,Seedling Pots,Coir Pot,25.1,1.274,19.2,8.55,Not Sustainable,Premium
181,Cotton Pads,Organic Cotton Pads,59.3,3.784,53.1,1.0,Not Sustainable,Low-Grade
302,Disposable Plates,Bagasse Plate,34.5,0.314,86.9,0.1,Moderate,Recycled
915,Baby Bottles,Silicone Baby Bottle,27.1,1.45,0.3,5.72,Not Sustainable,Premium
862,Reusable Cups,Steel Mug,94.1,1.598,0.0,14.01,Moderate,Recycled
875,Reusable Straws,Bamboo Straw,81.9,0.547,90.5,3.28,Moderate,Low-Grade
829,Candles,Soy Wax Candle,17.9,0.77,86.5,1.9,Not Sustainable,Recycled
938,Suitcase,Polycarbonate Suitcase,34.4,2.529,0.2,7.45,Not Sustainable,Premium
804,Edible Packaging,Non-edible Plastic Straw,49.6,4.964,1.0,3.79,Not Sustainable,Untreated
518,Curtains,Polyester Curtains,29.7,7.069,0.0,3.94,Not Sustainable,Low-Grade
373,Phone Cases,Biodegradable Case,34.2,1.452,99.2,0.73,Not Sustainable,Untreated
46,Bags,Cotton Bag,86.1,3.214,27.1,2.1,Not Sustainable,Premium
477,Wallets,PU Leather Wallet,3.6,7.968,0.0,4.29,Not Sustainable,Coated
158,Lunchboxes,Plastic Lunchbox,52.4,7.114,0.7,2.21,Not Sustainable,Standard
899,Reusable Straws,Bamboo Straw,86.8,0.828,92.4,2.34,Moderate,Standard
172,Lunchboxes,Steel Lunchbox,94.7,3.75,0.0,23.36,Moderate,Recycled
17,Bottles,Bamboo Bottle,83.0,0.418,78.3,4.93,Moderate,Low-Grade
512,Curtains,Polyester Curtains,38.2,7.06,0.6,1.35,Not Sustainable,Standard
49,Bags,Cotton Bag,60.7,2.436,53.3,2.82,Not Sustainable,Untreated
192,Cotton Pads,Synthetic Cotton Pads,69.2,3.798,47.6,1.49,Not Sustainable,Untreated
1009,Spoon,Bamboo Spoon,93.2,0.376,91.3,2.4,Eco-Friendly,Coated
516,Curtains,Polyester Curtains,24.2,6.829,1.3,1.88,Not Sustainable,Premium
824,Candles,Beeswax Candle,30.0,1.008,99.0,4.75,Moderate,Low-Grade
916,Baby Bottles,Glass Baby Bottle,91.4,1.116,3.6,8.22,Moderate,Standard
481,Wall Clocks,Wooden Wall Clock,92.3,0.685,86.9,17.36,Eco-Friendly,Recycled
284,Cutting Boards,Wooden Cutting Board,90.0,1.85,81.8,20.97,Moderate,Premium
868,Reusable Cups,Steel Mug,96.3,3.049,0.0,16.47,Moderate,Premium
794,Edible Packaging,Edible Spoon,18.6,4.166,0.0,0.1,Not Sustainable,Recycled
226,Food Wraps,Beeswax Food Wrap,14.3,0.415,97.8,4.28,Moderate,Coated
27,Bottles,Glass Bottle,87.7,1.678,0.9,13.13,Moderate,Untreated
941,Suitcase,Polycarbonate Suitcase,24.9,3.879,0.0,3.95,Not Sustainable,Recycled
438,Belts,Leather Belt,27.2,6.229,6.1,3.35,Not Sustainable,Coated
1081,Pan,Cast Iron Pan,52.3,5.274,0.1,3.27,Not Sustainable,Recycled
365,Phone Cases,Silicone Case,29.0,1.74,0.4,15.85,Not Sustainable,Standard
230,Food Wraps,Aluminum Foil,92.6,3.49,1.0,5.75,Not Sustainable,Untreated
38,Bags,Jute Bag,88.0,0.869,97.9,5.34,Moderate,Premium
670,Helmets,ABS Plastic Helmet,59.2,7.123,0.0,2.79,Not Sustainable,Coated
750,Geometry Boxes,Plastic Geometry Box,19.1,5.891,0.0,0.6,Not Sustainable,Recycled
1094,Pan,Non-stick Pan,49.6,5.03,1.3,4.45,Not Sustainable,Premium
375,Phone Cases,Hard Plastic Case,25.7,7.199,0.0,3.08,Not Sustainable,Low-Grade
470,Wallets,Leather Wallet,24.4,9.898,13.6,4.03,Not Sustainable,Premium
1095,Pan,Aluminum Pan,79.3,2.214,0.1,14.95,Not Sustainable,Standard
688,Helmets,ABS Plastic Helmet,20.3,2.716,0.2,4.13,Not Sustainable,Low-Grade
1021,Soap Holders,Bamboo Soap Dish,87.0,0.7,73.7,3.28,Moderate,Recycled
850,Reusable Cups,Steel Mug,90.5,3.571,0.0,26.61,Moderate,Low-Grade
878,Reusable Straws,Bamboo Straw,92.9,0.536,75.9,2.13,Moderate,Standard
195,Cotton Pads,Synthetic Cotton Pads,60.2,1.747,65.0,2.82,Moderate,Recycled
1061,Comb,Metal Comb,83.2,1.221,0.8,25.78,Moderate,Low-Grade
1033,Soap Holders,Bamboo Soap Dish,88.8,0.6,75.6,3.43,Moderate,Recycled
504,Wall Clocks,Plastic Wall Clock,9.0,5.445,0.0,0.55,Not Sustainable,Recycled
1109,Pan,Non-stick Pan,12.1,7.413,1.2,2.82,Not Sustainable,Untreated
997,Spoon,Bamboo Spoon,86.4,0.842,90.7,2.5,Moderate,Coated
580,Food Trays,Sugarcane Bagasse Tray,34.1,1.086,79.5,0.42,Not Sustainable,Recycled
161,Lunchboxes,Plastic Lunchbox,18.8,4.934,2.0,3.44,Not Sustainable,Standard
681,Helmets,Recycled Polymer Helmet,65.6,3.406,0.2,6.29,Not Sustainable,Premium
1047,Soap Holders,Bamboo Soap Dish,83.9,0.782,89.4,2.29,Moderate,Coated
163,Lunchboxes,Steel Lunchbox,93.4,2.082,0.3,28.22,Moderate,Standard
706,Crayons,Beeswax Crayons,10.4,0.853,92.1,3.16,Not Sustainable,Untreated
848,Reusable Cups,Bamboo Cup,98.8,0.88,60.3,5.37,Moderate,Recycled
153,Lunchboxes,Bamboo Lunchbox,94.6,0.388,86.0,4.99,Eco-Friendly,Standard
825,Candles,Paraffin Wax Candle,13.0,6.191,1.0,1.74,Not Sustainable,Coated
845,Reusable Cups,Bamboo Cup,94.3,1.202,89.8,4.71,Moderate,Coated
911,Baby Bottles,Plastic Baby Bottle,49.1,7.583,0.0,4.66,Not Sustainable,Premium
112,Brushes,Bamboo Brush,94.9,0.761,64.3,5.42,Moderate,Premium
227,Food Wraps,Aluminum Foil,72.1,4.665,0.6,18.76,Not Sustainable,Low-Grade
1080,Comb,Plastic Comb,58.0,6.639,0.0,1.26,Not Sustainable,Premium
104,Brushes,Wooden Brush,75.2,2.794,78.2,15.88,Moderate,Untreated
422,Belts,Leather Belt,42.3,9.033,12.4,6.2,Not Sustainable,Recycled
420,Laptop Cooling Pads,Plastic Cooling Pad,43.3,6.23,0.0,2.44,Not Sustainable,Recycled
905,Baby Bottles,Plastic Baby Bottle,29.1,6.455,1.4,5.09,Not Sustainable,Recycled
587,Food Trays,Aluminum Tray,80.0,3.655,0.0,4.43,Not Sustainable,Premium
939,Suitcase,Aluminum Suitcase,91.0,4.2,0.0,10.7,Not Sustainable,Untreated
673,Helmets,Recycled Polymer Helmet,71.5,4.26,0.3,8.84,Not Sustainable,Coated
120,Brushes,Plastic Brush,55.2,4.058,0.2,2.29,Not Sustainable,Standard
54,Bags,Polyester Bag,49.8,6.791,0.6,2.94,Not Sustainable,Coated
152,Lunchboxes,Plastic Lunchbox,49.5,3.845,0.2,1.43,Not Sustainable,Coated
404,Laptop Cooling Pads,Metal Cooling Stand,96.1,2.457,0.0,21.43,Moderate,Untreated
1102,Pan,Cast Iron Pan,26.5,7.837,0.3,2.28,Not Sustainable,Coated
208,Cotton Pads,Organic Cotton Pads,85.2,1.235,43.4,2.76,Moderate,Standard
1051,Comb,Wooden Comb,72.3,0.491,72.8,6.11,Moderate,Premium
659,Car Cleaning Cloth,Cotton Cloth,64.8,1.958,70.6,2.85,Moderate,Premium
1014,Spoon,Plastic Spoon,56.4,4.602,2.1,2.02,Not Sustainable,Low-Grade
919,Baby Bottles,Glass Baby Bottle,87.2,1.766,0.3,7.16,Moderate,Coated
9,Bottles,Bamboo Bottle,80.6,0.982,82.8,6.31,Moderate,Standard
969,Stool,Plastic Stool,51.8,4.307,0.9,3.53,Not Sustainable,Recycled
37,Bags,Cotton Bag,80.8,2.531,65.4,1.81,Moderate,Coated
453,Wallets,PU Leather Wallet,10.2,8.93,0.1,3.97,Not Sustainable,Recycled
652,Car Cleaning Cloth,Microfiber Cloth,20.6,3.848,3.4,4.65,Not Sustainable,Coated
254,Coffee Filter,Paper Coffee Filter,87.5,0.332,93.3,2.49,Eco-Friendly,Coated
304,Disposable Plates,Areca Leaf Plate,82.9,0.551,90.1,0.91,Moderate,Low-Grade
901,Baby Bottles,Glass Baby Bottle,85.4,0.738,1.8,11.56,Moderate,Untreated
572,Food Trays,Aluminum Tray,86.3,5.525,1.9,7.39,Not Sustainable,Standard
624,Seedling Pots,Plastic Nursery Pot,37.9,7.033,0.0,3.76,Not Sustainable,Standard
1091,Pan,Non-stick Pan,33.0,2.845,0.0,3.35,Not Sustainable,Premium
869,Reusable Cups,Bamboo Cup,87.8,0.723,64.8,3.28,Moderate,Standard
859,Reusable Cups,Steel Mug,98.2,2.902,0.0,20.27,Moderate,Coated
263,Coffee Filter,Paper Coffee Filter,86.4,1.171,85.7,0.1,Moderate,Standard
611,Seedling Pots,Jiffy Peat Pot,22.4,1.145,33.6,8.22,Not Sustainable,Standard
298,Cutting Boards,Bamboo Cutting Board,94.5,1.037,67.3,6.39,Moderate,Standard
415,Laptop Cooling Pads,Bamboo Cooling Stand,95.8,0.785,88.4,3.57,Moderate,Standard
151,Lunchboxes,Steel Lunchbox,92.5,3.699,0.1,10.59,Not Sustainable,Recycled
947,Suitcase,Polycarbonate Suitcase,36.3,4.569,1.3,4.0,Not Sustainable,Premium
779,Scale (Ruler),Metal Ruler,84.3,2.361,0.0,10.47,Not Sustainable,Recycled
641,Car Cleaning Cloth,Cotton Cloth,76.7,3.303,58.0,4.36,Moderate,Coated
1046,Soap Holders,Plastic Soap Dish,49.1,4.759,0.0,3.28,Not Sustainable,Standard
551,Rugs,Wool Rug,75.3,3.26,89.7,6.31,Moderate,Recycled
950,Suitcase,Polycarbonate Suitcase,16.6,3.847,0.0,5.39,Not Sustainable,Coated
489,Wall Clocks,Plastic Wall Clock,46.8,3.301,0.9,3.34,Not Sustainable,Standard
820,Candles,Soy Wax Candle,33.0,0.185,84.4,1.36,Moderate,Low-Grade
711,Crayons,Plastic Wax Crayons,56.8,7.196,0.3,3.76,Not Sustainable,Coated
148,Toothbrushes,Bamboo Toothbrush,80.3,1.356,74.3,1.31,Moderate,Low-Grade
147,Toothbrushes,Plastic Toothbrush,58.3,5.613,1.1,2.92,Not Sustainable,Untreated
1053,Comb,Plastic Comb,36.9,7.109,0.7,4.52,Not Sustainable,Untreated
346,Disposable Cups,Paper Cup,79.8,0.749,88.2,0.1,Moderate,Low-Grade
893,Reusable Straws,Bamboo Straw,86.4,0.748,75.2,3.73,Moderate,Standard
1042,Soap Holders,Plastic Soap Dish,37.6,4.818,0.3,2.89,Not Sustainable,Standard
660,Car Cleaning Cloth,Microfiber Cloth,28.8,3.73,0.3,2.28,Not Sustainable,Low-Grade
771,Scale (Ruler),Plastic Ruler,29.0,5.37,1.0,4.84,Not Sustainable,Untreated
349,Disposable Cups,Paper Cup,62.8,0.754,83.8,0.7,Moderate,Coated
464,Wallets,Leather Wallet,39.2,10.197,6.5,4.96,Not Sustainable,Coated
326,Disposable Plates,Bagasse Plate,27.9,0.567,83.5,0.11,Moderate,Recycled
187,Cotton Pads,Organic Cotton Pads,83.5,3.663,37.6,3.22,Not Sustainable,Standard
124,Toothbrushes,Bamboo Toothbrush,85.6,0.765,71.4,2.73,Moderate,Low-Grade
1025,Soap Holders,Bamboo Soap Dish,81.0,1.029,91.2,2.41,Moderate,Standard
609,Seedling Pots,Plastic Nursery Pot,9.3,3.952,0.5,2.97,Not Sustainable,Premium
144,Toothbrushes,Plastic Toothbrush,30.5,6.109,1.2,3.07,Not Sustainable,Standard
752,Scale (Ruler),Metal Ruler,92.6,3.68,0.9,14.32,Moderate,Recycled
1088,Pan,Non-stick Pan,54.6,4.07,0.5,1.19,Not Sustainable,Standard
198,Cotton Pads,Synthetic Cotton Pads,86.9,1.598,39.3,0.25,Moderate,Premium
610,Seedling Pots,Coir Pot,36.9,0.588,55.1,3.63,Not Sustainable,Coated
837,Candles,Paraffin Wax Candle,42.1,3.44,0.0,0.95,Not Sustainable,Recycled
280,Cutting Boards,Bamboo Cutting Board,93.7,0.915,82.6,3.84,Moderate,Standard
294,Cutting Boards,Plastic Cutting Board,48.8,7.539,0.0,2.61,Not Sustainable,Premium
998,Spoon,Steel Spoon,96.5,3.079,0.0,11.63,Moderate,Coated
401,Laptop Cooling Pads,Metal Cooling Stand,88.8,4.027,0.0,20.1,Moderate,Low-Grade
123,Toothbrushes,Plastic Toothbrush,34.7,5.035,0.5,4.43,Not Sustainable,Low-Grade
184,Cotton Pads,Organic Cotton Pads,63.0,3.017,63.9,3.9,Not Sustainable,Low-Grade
203,Cotton Pads,Bamboo Cotton Pads,93.2,1.161,82.4,6.41,Moderate,Standard
439,Belts,Cork Belt,90.5,0.374,97.3,8.92,Eco-Friendly,Untreated
836,Candles,Beeswax Candle,12.4,0.718,98.8,2.31,Not Sustainable,Standard
247,Coffee Filter,Stainless Steel Coffee Filter,89.6,2.927,0.0,18.41,Moderate,Premium
416,Laptop Cooling Pads,Metal Cooling Stand,91.2,3.294,0.3,26.36,Moderate,Coated
935,Suitcase,Polycarbonate Suitcase,24.7,5.432,0.7,4.22,Not Sustainable,Recycled
922,Baby Bottles,Glass Baby Bottle,90.9,1.337,1.9,19.78,Moderate,Low-Grade
1056,Comb,Plastic Comb,27.9,3.517,0.0,3.32,Not Sustainable,Untreated
926,Baby Bottles,Plastic Baby Bottle,18.4,7.923,0.8,3.73,Not Sustainable,Premium
53,Bags,Jute Bag,96.2,0.124,94.6,9.26,Eco-Friendly,Coated
130,Toothbrushes,Bamboo Toothbrush,90.8,0.457,83.6,5.1,Eco-Friendly,Coated
638,Car Cleaning Cloth,Microfiber Cloth,28.5,3.523,0.0,6.88,Not Sustainable,Standard
403,Laptop Cooling Pads,Bamboo Cooling Stand,93.2,0.333,61.4,4.56,Moderate,Coated
1005,Spoon,Plastic Spoon,52.1,3.268,0.0,3.62,Not Sustainable,Low-Grade
929,Baby Bottles,Plastic Baby Bottle,36.4,5.099,1.4,1.78,Not Sustainable,Coated
736,Geometry Boxes,Plastic Geometry Box,34.8,3.86,0.0,1.34,Not Sustainable,Premium
855,Reusable Cups,Plastic Cup,24.6,6.157,0.0,2.34,Not Sustainable,Coated
1059,Comb,Plastic Comb,35.0,5.095,0.5,2.78,Not Sustainable,Coated
220,Food Wraps,Beeswax Food Wrap,32.7,0.954,91.5,1.5,Moderate,Standard
642,Car Cleaning Cloth,Microfiber Cloth,11.9,1.722,0.0,4.78,Not Sustainable,Standard
2,Bottles,Steel Bottle,96.4,3.191,0.0,25.8,Moderate,Recycled
907,Baby Bottles,Glass Baby Bottle,95.5,1.121,0.6,7.07,Moderate,Premium
967,Stool,Solid Wood Stool,95.4,2.029,84.1,23.58,Eco-Friendly,Coated
81,Plates,Plastic Plate,34.6,5.398,3.3,1.92,Not Sustainable,Untreated
625,Seedling Pots,Coir Pot,33.3,1.689,28.7,6.17,Not Sustainable,Untreated
1006,Spoon,Bamboo Spoon,98.9,0.453,75.9,2.92,Eco-Friendly,Untreated
917,Baby Bottles,Plastic Baby Bottle,35.9,6.929,0.0,3.54,Not Sustainable,Coated
387,Phone Cases,Hard Plastic Case,34.3,5.959,1.1,5.21,Not Sustainable,Standard
1098,Pan,Aluminum Pan,75.8,2.077,0.0,18.69,Moderate,Coated
807,Edible Packaging,Non-edible Plastic Straw,48.7,7.413,0.1,2.14,Not Sustainable,Coated
510,Wall Clocks,Plastic Wall Clock,55.8,5.209,0.0,4.44,Not Sustainable,Premium
268,Coffee Filter,Stainless Steel Coffee Filter,94.1,3.736,0.0,16.75,Moderate,Untreated
982,Stool,Solid Wood Stool,77.6,0.336,73.4,16.86,Eco-Friendly,Premium
442,Belts,Leather Belt,37.9,6.34,19.3,9.19,Not Sustainable,Coated
497,Wall Clocks,Metal Wall Clock,90.2,1.801,0.0,23.0,Moderate,Low-Grade
830,Candles,Beeswax Candle,12.8,1.112,95.7,2.92,Not Sustainable,Premium
113,Brushes,Wooden Brush,84.8,2.04,64.8,20.46,Moderate,Recycled
692,Crayons,Soy Crayons,18.3,0.221,80.2,1.41,Moderate,Low-Grade
233,Food Wraps,Aluminum Foil,80.3,3.327,0.0,8.24,Not Sustainable,Standard
472,Wallets,Cork Wallet,84.0,1.24,97.8,5.46,Moderate,Standard
608,Seedling Pots,Jiffy Peat Pot,32.9,1.859,30.1,1.95,Not Sustainable,Recycled
672,Helmets,ABS Plastic Helmet,24.5,3.491,0.0,1.52,Not Sustainable,Standard
374,Phone Cases,Silicone Case,31.8,3.679,0.0,9.49,Not Sustainable,Recycled
827,Candles,Beeswax Candle,22.0,0.261,94.0,1.77,Moderate,Recycled
664,Helmets,ABS Plastic Helmet,27.4,4.632,0.5,2.16,Not Sustainable,Low-Grade
1013,Spoon,Steel Spoon,92.8,2.999,0.3,15.3,Moderate,Low-Grade
234,Food Wraps,Plastic Wrap,15.0,5.998,0.2,2.97,Not Sustainable,Low-Grade
819,Candles,Paraffin Wax Candle,52.4,7.716,0.0,2.21,Not Sustainable,Premium
944,Suitcase,Polycarbonate Suitcase,46.2,5.294,0.1,9.53,Not Sustainable,Coated
677,Helmets,Recycled Polymer Helmet,79.5,4.818,0.3,6.63,Not Sustainable,Coated
318,Disposable Plates,Plastic Plate,21.1,5.679,2.4,4.75,Not Sustainable,Standard
649,Car Cleaning Cloth,Cotton Cloth,74.5,3.246,50.1,4.84,Moderate,Premium
411,Laptop Cooling Pads,Plastic Cooling Pad,34.3,3.709,0.7,0.94,Not Sustainable,Recycled
1050,Soap Holders,Plastic Soap Dish,57.3,6.589,0.0,3.25,Not Sustainable,Standard
710,Crayons,Soy Crayons,17.1,0.344,82.5,2.56,Moderate,Premium
359,Disposable Cups,Bioplastic Cup,26.1,6.893,1.6,2.3,Not Sustainable,Untreated
259,Coffee Filter,Stainless Steel Coffee Filter,98.2,1.841,0.0,10.03,Moderate,Low-Grade
745,Geometry Boxes,Metal Geometry Box,88.0,2.522,0.4,15.59,Moderate,Standard
628,Seedling Pots,Coir Pot,35.3,1.338,21.9,8.99,Not Sustainable,Low-Grade
633,Car Cleaning Cloth,Cotton Cloth,77.4,1.538,33.3,0.68,Moderate,Coated
283,Cutting Boards,Bamboo Cutting Board,82.8,0.649,78.3,5.29,Moderate,Standard
377,Phone Cases,Silicone Case,29.2,1.8,0.0,17.34,Not Sustainable,Premium
385,Phone Cases,Biodegradable Case,49.2,1.572,94.0,2.22,Moderate,Coated
225,Food Wraps,Plastic Wrap,41.1,3.571,1.4,4.07,Not Sustainable,Low-Grade
1085,Pan,Non-stick Pan,46.7,5.405,2.6,1.82,Not Sustainable,Standard
1086,Pan,Aluminum Pan,91.7,4.537,0.3,19.67,Moderate,Standard
473,Wallets,Leather Wallet,42.9,8.713,18.1,3.6,Not Sustainable,Standard
348,Disposable Cups,Plastic Cup,10.4,7.566,0.9,5.77,Not Sustainable,Recycled
506,Wall Clocks,Metal Wall Clock,86.3,3.664,2.2,12.44,Not Sustainable,Premium
640,Car Cleaning Cloth,Microfiber Cloth,7.0,3.736,0.0,4.25,Not Sustainable,Untreated
1105,Pan,Cast Iron Pan,55.1,3.571,1.2,4.29,Not Sustainable,Untreated
798,Edible Packaging,Non-edible Plastic Straw,31.0,7.532,0.0,0.97,Not Sustainable,Coated
340,Disposable Cups,Paper Cup,91.2,0.261,86.0,2.0,Eco-Friendly,Low-Grade
556,Rugs,Jute Rug,96.2,0.567,91.6,5.35,Eco-Friendly,Recycled
620,Seedling Pots,Jiffy Peat Pot,32.3,1.799,35.8,1.85,Not Sustainable,Untreated
28,Bottles,Plastic Bottle,59.0,7.121,0.0,3.11,Not Sustainable,Untreated
964,Stool,Solid Wood Stool,71.1,2.624,75.7,11.34,Moderate,Low-Grade
646,Car Cleaning Cloth,Microfiber Cloth,17.3,4.672,0.4,8.21,Not Sustainable,Untreated
953,Suitcase,Polycarbonate Suitcase,10.8,5.596,0.0,7.11,Not Sustainable,Low-Grade
1049,Soap Holders,Bamboo Soap Dish,86.4,0.622,76.3,6.25,Moderate,Coated
557,Rugs,Wool Rug,78.3,1.831,68.2,9.12,Moderate,Premium
682,Helmets,ABS Plastic Helmet,57.4,6.618,0.0,4.62,Not Sustainable,Standard
578,Food Trays,Aluminum Tray,85.4,2.836,1.1,15.31,Moderate,Premium
796,Edible Packaging,Edible Rice Straw,19.2,6.421,0.8,2.38,Not Sustainable,Coated
86,Plates,Bamboo Plate,91.7,0.91,74.3,4.33,Moderate,Standard
243,Coffee Filter,Disposable Plastic Coffee Pods,43.1,7.931,0.0,3.58,Not Sustainable,Recycled
699,Crayons,Plastic Wax Crayons,24.7,2.61,1.1,3.5,Not Sustainable,Low-Grade
839,Candles,Beeswax Candle,28.2,0.813,98.2,2.64,Moderate,Untreated
160,Lunchboxes,Steel Lunchbox,92.2,2.085,0.0,13.75,Moderate,Coated
525,Curtains,Cotton Curtains,76.3,1.599,56.6,2.13,Moderate,Recycled
36,Bags,Polyester Bag,24.9,2.754,0.0,1.39,Not Sustainable,Recycled
541,Rugs,Jute Rug,90.8,0.638,88.2,9.49,Eco-Friendly,Untreated
171,Lunchboxes,Bamboo Lunchbox,82.3,0.866,95.2,6.95,Moderate,Recycled
655,Car Cleaning Cloth,Cotton Cloth,64.1,3.796,53.6,3.34,Not Sustainable,Recycled
749,Geometry Boxes,Metal Geometry Box,85.6,4.198,0.2,23.46,Moderate,Low-Grade
1029,Soap Holders,Bamboo Soap Dish,81.2,0.779,93.7,3.33,Moderate,Recycled
1028,Soap Holders,Plastic Soap Dish,30.2,4.82,0.0,4.97,Not Sustainable,Coated
485,Wall Clocks,Metal Wall Clock,93.5,3.838,0.0,18.48,Moderate,Recycled
734,Geometry Boxes,Plastic Geometry Box,48.3,6.645,0.3,2.09,Not Sustainable,Standard
900,Reusable Straws,Plastic Straw,58.1,6.321,0.4,2.55,Not Sustainable,Recycled
96,Brushes,Plastic Brush,20.9,4.837,0.0,2.87,Not Sustainable,Premium
564,Rugs,Polyester Rug,38.0,6.238,3.0,3.21,Not Sustainable,Recycled
241,Coffee Filter,Stainless Steel Coffee Filter,98.0,2.7,1.2,11.01,Moderate,Coated
743,Geometry Boxes,Metal Geometry Box,96.9,1.315,0.0,18.93,Moderate,Premium
864,Reusable Cups,Plastic Cup,36.5,6.219,0.7,1.89,Not Sustainable,Low-Grade
575,Food Trays,Aluminum Tray,79.3,2.307,0.6,19.01,Moderate,Recycled
691,Crayons,Beeswax Crayons,29.6,0.682,95.1,3.05,Moderate,Coated
461,Wallets,Leather Wallet,47.5,7.814,4.2,6.62,Not Sustainable,Premium
892,Reusable Straws,Steel Straw,96.1,2.434,0.0,22.97,Moderate,Premium
554,Rugs,Wool Rug,70.6,2.899,89.7,4.64,Moderate,Premium
858,Reusable Cups,Plastic Cup,11.8,4.421,2.3,4.11,Not Sustainable,Recycled
1038,Soap Holders,Plastic Soap Dish,18.5,6.774,0.8,3.73,Not Sustainable,Coated
207,Cotton Pads,Synthetic Cotton Pads,80.8,3.43,43.4,0.97,Not Sustainable,Recycled
393,Laptop Cooling Pads,Plastic Cooling Pad,42.6,5.09,0.6,4.24,Not Sustainable,Recycled
795,Edible Packaging,Non-edible Plastic Straw,19.6,5.2,0.6,3.37,Not Sustainable,Coated
871,Reusable Straws,Steel Straw,94.4,2.234,0.0,18.45,Moderate,Standard
398,Laptop Cooling Pads,Metal Cooling Stand,90.1,4.689,0.0,7.46,Not Sustainable,Premium
767,Scale (Ruler),Metal Ruler,92.2,1.718,0.2,16.5,Moderate,Recycled
1019,Spoon,Steel Spoon,99.3,3.015,0.2,24.09,Moderate,Recycled
218,Food Wraps,Aluminum Foil,70.2,5.483,1.0,18.79,Not Sustainable,Coated
5,Bottles,Bamboo Bottle,81.9,0.939,92.8,5.53,Moderate,Recycled
769,Scale (Ruler),Wooden Ruler,72.3,0.896,79.6,13.23,Moderate,Recycled
643,Car Cleaning Cloth,Cotton Cloth,82.3,1.497,55.2,4.1,Moderate,Recycled
462,Wallets,PU Leather Wallet,4.6,10.395,0.2,2.21,Not Sustainable,Standard
943,Suitcase,Recycled Plastic Suitcase,34.6,3.82,1.6,1.04,Not Sustainable,Standard
613,Seedling Pots,Coir Pot,35.3,1.624,31.5,3.98,Not Sustainable,Standard
739,Geometry Boxes,Metal Geometry Box,91.7,1.576,0.3,27.4,Moderate,Premium
961,Stool,Solid Wood Stool,75.6,2.022,63.0,16.93,Moderate,Untreated
547,Rugs,Jute Rug,92.2,0.432,71.1,5.94,Eco-Friendly,Coated
987,Stool,Plastic Stool,45.1,7.657,3.0,5.19,Not Sustainable,Untreated
726,Geometry Boxes,Plastic Geometry Box,13.9,3.968,1.1,2.53,Not Sustainable,Low-Grade
1103,Pan,Non-stick Pan,41.1,7.377,0.2,0.97,Not Sustainable,Recycled
684,Helmets,ABS Plastic Helmet,28.1,4.296,2.1,2.39,Not Sustainable,Untreated
99,Brushes,Plastic Brush,28.2,7.234,2.8,3.25,Not Sustainable,Untreated
805,Edible Packaging,Edible Rice Straw,33.5,4.243,0.0,3.93,Not Sustainable,Low-Grade
728,Geometry Boxes,Plastic Geometry Box,18.8,7.881,0.0,2.77,Not Sustainable,Recycled
574,Food Trays,Sugarcane Bagasse Tray,21.8,0.472,100.0,0.1,Moderate,Recycled
407,Laptop Cooling Pads,Metal Cooling Stand,89.1,1.69,0.0,17.29,Moderate,Untreated
503,Wall Clocks,Metal Wall Clock,94.1,4.42,0.0,8.85,Not Sustainable,Premium
48,Bags,Polyester Bag,32.6,5.029,0.1,2.0,Not Sustainable,Coated
33,Bags,Polyester Bag,22.4,6.439,0.7,3.72,Not Sustainable,Untreated
930,Baby Bottles,Silicone Baby Bottle,11.3,3.209,0.0,9.18,Not Sustainable,Premium
780,Scale (Ruler),Plastic Ruler,36.5,6.162,0.2,2.17,Not Sustainable,Standard
840,Candles,Paraffin Wax Candle,45.1,2.376,1.3,1.31,Not Sustainable,Low-Grade
201,Cotton Pads,Synthetic Cotton Pads,76.5,3.385,64.0,1.69,Moderate,Low-Grade
135,Toothbrushes,Plastic Toothbrush,32.2,7.439,0.5,3.33,Not Sustainable,Coated
41,Bags,Jute Bag,97.6,0.973,85.7,9.79,Eco-Friendly,Standard
1018,Spoon,Bamboo Spoon,96.0,0.577,78.0,3.26,Moderate,Untreated
231,Food Wraps,Plastic Wrap,45.3,3.973,0.1,3.72,Not Sustainable,Recycled
379,Phone Cases,Biodegradable Case,57.1,1.628,89.0,0.1,Moderate,Untreated
289,Cutting Boards,Bamboo Cutting Board,96.5,0.623,85.1,5.37,Eco-Friendly,Low-Grade
419,Laptop Cooling Pads,Metal Cooling Stand,94.9,4.147,1.6,25.61,Moderate,Coated
392,Laptop Cooling Pads,Metal Cooling Stand,94.6,2.826,0.2,27.22,Moderate,Low-Grade
593,Food Trays,Aluminum Tray,88.4,3.071,0.0,7.03,Not Sustainable,Coated
648,Car Cleaning Cloth,Microfiber Cloth,7.7,4.087,0.0,8.34,Not Sustainable,Coated
521,Curtains,Cotton Curtains,59.4,1.74,49.6,1.87,Not Sustainable,Coated
65,Plates,Bamboo Plate,92.7,0.996,80.6,4.22,Moderate,Standard
15,Bottles,Glass Bottle,86.3,1.354,2.6,17.39,Moderate,Standard
493,Wall Clocks,Wooden Wall Clock,65.4,1.451,85.8,4.27,Moderate,Standard
380,Phone Cases,Silicone Case,32.8,1.926,0.1,7.57,Not Sustainable,Coated
188,Cotton Pads,Bamboo Cotton Pads,97.6,0.512,90.5,6.15,Eco-Friendly,Premium
764,Scale (Ruler),Metal Ruler,92.5,3.619,0.0,26.29,Moderate,Standard
217,Food Wraps,Beeswax Food Wrap,12.9,0.499,96.1,3.73,Moderate,Premium
792,Edible Packaging,Non-edible Plastic Straw,47.1,7.256,0.0,1.31,Not Sustainable,Low-Grade
879,Reusable Straws,Plastic Straw,24.1,3.392,0.9,1.25,Not Sustainable,Untreated
338,Disposable Cups,Bioplastic Cup,48.3,6.332,0.6,1.91,Not Sustainable,Untreated
720,Crayons,Plastic Wax Crayons,11.1,3.428,0.5,1.16,Not Sustainable,Recycled
296,Cutting Boards,Wooden Cutting Board,94.2,0.837,91.1,18.4,Eco-Friendly,Coated
1017,Spoon,Plastic Spoon,54.8,3.747,0.0,1.31,Not Sustainable,Standard
456,Wallets,PU Leather Wallet,10.4,9.748,0.8,3.02,Not Sustainable,Recycled
816,Candles,Paraffin Wax Candle,14.6,5.804,0.5,1.58,Not Sustainable,Recycled
270,Coffee Filter,Disposable Plastic Coffee Pods,14.6,6.279,0.0,1.94,Not Sustainable,Untreated
996,Spoon,Plastic Spoon,37.1,5.167,1.4,1.38,Not Sustainable,Coated
202,Cotton Pads,Organic Cotton Pads,66.2,2.115,53.3,3.1,Moderate,Low-Grade
162,Lunchboxes,Bamboo Lunchbox,94.5,0.766,62.7,5.27,Moderate,Low-Grade
730,Geometry Boxes,Plastic Geometry Box,54.6,3.505,0.2,2.47,Not Sustainable,Standard
402,Laptop Cooling Pads,Plastic Cooling Pad,47.6,5.74,0.3,4.19,Not Sustainable,Untreated
703,Crayons,Beeswax Crayons,17.8,1.221,95.5,2.09,Not Sustainable,Low-Grade
566,Rugs,Wool Rug,62.2,2.986,85.9,5.5,Moderate,Coated
1022,Soap Holders,Plastic Soap Dish,36.0,3.647,2.2,3.35,Not Sustainable,Standard
1026,Soap Holders,Plastic Soap Dish,34.7,5.494,1.2,3.48,Not Sustainable,Premium
206,Cotton Pads,Bamboo Cotton Pads,82.6,0.577,68.9,3.94,Moderate,Recycled
35,Bags,Jute Bag,96.8,0.839,76.8,6.69,Moderate,Untreated
776,Scale (Ruler),Metal Ruler,88.0,1.73,0.0,8.99,Moderate,Coated
509,Wall Clocks,Metal Wall Clock,82.8,4.794,0.5,11.84,Not Sustainable,Coated
1097,Pan,Non-stick Pan,21.3,5.825,0.0,3.13,Not Sustainable,Premium
92,Brushes,Wooden Brush,82.1,1.046,90.6,19.45,Eco-Friendly,Low-Grade
898,Reusable Straws,Steel Straw,91.0,2.263,0.0,12.06,Moderate,Low-Grade
565,Rugs,Jute Rug,94.9,0.937,74.0,9.33,Moderate,Low-Grade
777,Scale (Ruler),Plastic Ruler,27.7,6.1,0.0,0.71,Not Sustainable,Low-Grade
242,Coffee Filter,Paper Coffee Filter,74.9,1.584,93.4,0.53,Moderate,Untreated
14,Bottles,Steel Bottle,95.9,3.9,0.0,24.92,Moderate,Untreated
316,Disposable Plates,Areca Leaf Plate,87.2,0.575,90.1,0.87,Moderate,Standard
601,Seedling Pots,Coir Pot,37.9,0.704,32.2,10.15,Not Sustainable,Coated
388,Phone Cases,Biodegradable Case,33.0,1.132,69.4,0.33,Not Sustainable,Untreated
167,Lunchboxes,Plastic Lunchbox,39.1,4.926,0.1,4.0,Not Sustainable,Coated
841,Reusable Cups,Steel Mug,92.1,3.493,0.5,16.32,Moderate,Recycled
21,Bottles,Bamboo Bottle,79.6,0.262,91.2,6.55,Eco-Friendly,Coated
647,Car Cleaning Cloth,Cotton Cloth,75.7,1.506,60.5,2.04,Moderate,Standard
832,Candles,Soy Wax Candle,11.7,0.878,95.2,3.16,Not Sustainable,Untreated
563,Rugs,Wool Rug,85.0,2.026,70.8,8.34,Moderate,Premium
1084,Pan,Cast Iron Pan,33.7,4.897,0.8,2.49,Not Sustainable,Untreated
687,Helmets,Recycled Polymer Helmet,65.0,4.286,0.0,11.03,Not Sustainable,Recycled
958,Suitcase,Recycled Plastic Suitcase,35.3,3.564,1.9,0.1,Not Sustainable,Untreated
190,Cotton Pads,Organic Cotton Pads,88.9,3.223,73.6,1.06,Moderate,Low-Grade
976,Stool,Solid Wood Stool,92.5,1.319,65.6,7.48,Moderate,Premium
700,Crayons,Beeswax Crayons,18.7,0.929,96.3,2.98,Not Sustainable,Untreated
511,Curtains,Cotton Curtains,71.8,3.595,35.4,0.86,Not Sustainable,Coated
1083,Pan,Aluminum Pan,90.7,4.105,1.1,8.98,Not Sustainable,Premium
475,Wallets,Cork Wallet,80.2,0.865,98.7,9.26,Moderate,Premium
857,Reusable Cups,Bamboo Cup,87.2,0.546,73.3,4.94,Moderate,Untreated
748,Geometry Boxes,Plastic Geometry Box,47.5,6.783,0.0,2.56,Not Sustainable,Untreated
253,Coffee Filter,Stainless Steel Coffee Filter,90.8,2.994,0.0,10.21,Not Sustainable,Standard
22,Bottles,Steel Bottle,93.0,1.675,0.0,8.95,Moderate,Coated
460,Wallets,Cork Wallet,83.9,1.243,87.0,4.45,Moderate,Recycled
277,Cutting Boards,Bamboo Cutting Board,88.4,0.146,72.0,6.18,Eco-Friendly,Coated
956,Suitcase,Polycarbonate Suitcase,20.2,4.876,0.0,8.2,Not Sustainable,Low-Grade
386,Phone Cases,Silicone Case,13.7,2.855,0.6,5.32,Not Sustainable,Recycled
806,Edible Packaging,Edible Spoon,55.6,6.197,1.3,1.67,Not Sustainable,Premium
344,Disposable Cups,Bioplastic Cup,53.7,3.444,2.4,4.63,Not Sustainable,Premium
770,Scale (Ruler),Metal Ruler,98.1,2.385,0.0,20.5,Moderate,Coated
131,Toothbrushes,Biodegradable Toothbrush,15.5,4.985,0.0,2.41,Not Sustainable,Coated
872,Reusable Straws,Bamboo Straw,92.4,0.632,76.0,1.01,Moderate,Premium
88,Plates,Palm Leaf Plate,54.8,2.849,0.7,0.53,Not Sustainable,Coated
331,Disposable Cups,Paper Cup,76.3,0.686,98.4,1.94,Moderate,Coated
467,Wallets,Leather Wallet,31.8,5.585,19.8,4.31,Not Sustainable,Standard
122,Toothbrushes,Biodegradable Toothbrush,54.3,6.096,0.0,2.13,Not Sustainable,Recycled
1045,Soap Holders,Bamboo Soap Dish,81.6,1.141,92.4,3.07,Moderate,Recycled
1096,Pan,Cast Iron Pan,39.3,6.262,0.0,3.27,Not Sustainable,Premium
861,Reusable Cups,Plastic Cup,46.4,3.472,2.0,1.18,Not Sustainable,Recycled
